subject_id,gender,height_cm,chest,waist,hip
AhfyGaD1BKo0-u6PeQk2oI-Bw5l0XxpAqNroFuZuy0I,female,160.0,121.8310089111328,110.68537139892578,116.15213012695312
E8tDQ5IgdBwbjLIXu7GwcupEHYbi0eB18YNcsgsSbP8,female,175.75,114.3191146850586,110.02165985107422,123.12508392333984
59bc2767681516389ccf45f9,male,174.8,117.6391143798828,107.80736541748048,119.0178680419922
nRatvgqbYTN77typTgGm4bAurxzpvf5nYg2Mb3gdh8c,male,181.5,121.46810913085938,118.219970703125,119.81377410888672
fkq68ww6bdyKT16FavI1x_G-u7YZ9SoT1GNMUTSJUek,female,161.6,109.65218353271484,96.10684204101562,122.02288055419922
7MvJ6pMSwyNUqLhEgn6cZlVZutLryVZVL9vZrfYBCr4,female,168.5,122.78881072998048,117.48296356201172,117.81797790527344
59bc2766681516389ccf456d,male,172.0,118.658447265625,109.38609313964844,120.89449310302734
FdptiwTDmIhBD4tRHUaQOs0cyBjz89KJ3296tK3fTVw,male,160.2,118.9806137084961,116.02838134765624,117.69979095458984
nV9DFb-Q2_nOAvjVsdQfU8k4fFb7czvAhHHP-qkAxFY,male,180.0,122.04024505615234,110.92000579833984,117.56330108642578
Es_GZaoXVzviajUXwSoRzcovnivkqQpN8xbdqt2VlpU,male,183.5,127.46861267089844,116.80057525634766,120.99176025390624
SDeiJFKVmRceC3qDqcpQTyDnNDOrSB2SriupQya166k,female,161.2,121.01268768310548,111.99920654296876,123.88968658447266
ovNyxkRrq34hkn8P45dbvUPCZg6t3Qb6Iphtrxeqd1Y,female,172.4,127.8175811767578,114.08458709716795,119.38711547851562
HYLKMpRR-ZZA0GvRtRs5stQ0mPS1AmH92glIqg1DLpo,female,158.7,124.32279205322266,109.44416046142578,117.40194702148438
St1RAwweLXux_N5x-LD02AOSmWj34hxrjeg3q8SQhxo,male,196.0,121.89484405517578,113.843994140625,120.46256256103516
FeunQSMTPBXcbjR0YGg_nMfJGJ_tLtBMI19jf1_O1ks,male,180.5,120.86006927490234,122.2400131225586,117.38998413085938
kJbq4rY7KCtD0ik0QWdzgPTcAAt4SXHnOOMEstRxGQw,female,168.9,115.05499267578124,106.4714813232422,117.2506332397461
oenot-0aaDdOZghQnGD7HJUBTM0mLIfdHyxN_IsrTCU,female,166.1,126.10223388671876,115.01252746582033,118.33578491210938
59bc2770681516389ccf4907,male,183.5,121.41436004638672,121.44572448730467,119.46221923828124
P7Fj7Yam-B8N2UIU2PCCVq3wZNCVx43pbvCaLr6Jahk,female,171.5,121.46925354003906,107.52045440673828,123.39618682861328
8OXGiJTp2phyVALrYrdH0lvVu-3sEjUHY-TGGXvwHNg,female,156.5,120.88758850097656,112.01890563964844,110.95549774169922
9WDEVwVyXeZPsmZ3vyB-AtLunvJjsp24Yls-zufCAiA,male,174.0,115.52448272705078,112.17887878417967,118.15794372558594
RmX_Gxh2RmFdRfFMJEwqaRRoqhcuFpqhG-ZjiKprUmM,male,172.0,118.6871109008789,114.1423797607422,114.92447662353516
VdIFFZDkEosz7ovVl1I36Bl1-5UQ86n3MrTNOn7bbYE,female,160.5,120.04186248779295,107.89698028564452,124.00931549072266
z8g60Y6KbwOUy4E9IISAHFzScXC51KTI7rzdiJ7bcek,female,154.0,117.77503967285156,101.95063018798828,110.93606567382812
y7hSR5UpX8vKoYm6nR5r0qusD8pl-sTK-O7owV0VIPM,female,163.9,118.36908721923828,105.66741180419922,116.98900604248048
P1aEQqvvzL2pKMO4Pq17rpAPVgluY9Op1dqv_caiRJM,male,173.0,122.81512451171876,108.40144348144533,109.71743774414062
uOvuHjwJCj0pqWmNVTjcbprS1h6pPRfNxdFvEVCkxfE,male,188.45,131.93246459960938,128.87277221679688,118.17510223388672
WsV_q-4hgeDa4aT-Gelcn-TsU3zBZ4KIpk_aHZAG8aI,female,169.5,118.5670166015625,103.70465087890624,126.02066802978516
JRxWV8PuWURsrbH1Jjs790x8alZ1WhE60DTZF7Sw6GM,male,182.75,113.996337890625,113.09456634521484,119.13628387451172
141fFgYgNYIebFV2uIE7jmH7kHRAV5NMbFzQz7Her0A,male,174.0,116.84011840820312,112.3038330078125,119.5794906616211
59bc275c681516389ccf4198,female,167.0,127.79397583007812,108.60009002685548,124.24185943603516
KkcKYV7B1vYaAU3rhnwuJURVMpt_DsVVfOjKhQWyIUY,female,162.1,116.85013580322266,108.2160873413086,119.59766387939452
59bc276b681516389ccf47a5,male,183.75,114.3788070678711,110.5112533569336,123.62451934814452
MY3CwjtZZyuG5LA3zEnBVMp4G0PiQJo5xyLOZQ2OsO0,female,165.0,127.321044921875,114.41871643066406,115.96540069580078
59bc2767681516389ccf45c9,male,181.9,115.37630462646484,118.90042877197266,122.03353118896484
atmWbiB7j1MyuIJnlsoDwdzSuv_0eqKCnLECAKK3vcg,male,183.0,121.75013732910156,110.64531707763672,117.9919204711914
W81GbQDdBYQMT5l7mDPGD9UkM1szFi6brOnMm0QZT18,female,161.5,112.60907745361328,100.32278442382812,115.81204986572266
99p9fJq9dc9r49WjqJ6wJmYIh5NpRDNjjliIKhN2nFY,female,163.3,120.45919036865234,106.45713806152344,112.65306854248048
qQOTtZI_-c558xi6ylqreJDMn_bffPbdd1ZmKGJTKvA,male,180.0,127.08306121826172,107.16618347167967,112.84797668457033
FX2BCVsOwJvN8jTO6nsyRWOfBhAU2YCtcKOAABH9Z_M,male,181.0,115.21311950683594,103.1670379638672,112.69622039794922
Ela0jNn0WXPUNlRmAP-JHotHLqBa9AqfCrd4CMie5js,male,176.0,123.13329315185548,119.11652374267578,120.1270751953125
n8freJbl-muE-nAC5QYGmba7phosloMOyFMeOxo_BCw,male,185.0,118.70207977294922,114.26016235351562,123.32878875732422
Pefs-r0yS1ClcRpjUKi5FU1NC7w920QUrokdZ0c4fiw,male,170.5,116.06139373779295,116.70792388916016,115.59597778320312
uAOOOjHPJ3RXlBmGW_om8GdJtFFic0Iz8IdGGMtit7w,female,156.6,120.61730194091795,109.468994140625,115.5122528076172
fLxvU_dTtBOzidz7xh99ICzTaz4wuNFk0oLjCZ8HedA,female,155.6,112.00745391845705,102.46916198730467,113.1897964477539
QjI7V3xOO1AI6u5KD4WeyvLAaS_pr4ZsGG6xDhzHRpY,female,160.0,116.35094451904295,106.0142059326172,117.96070098876952
Z40UWDKpGeBI1I6HZD_VwgBMKwHxMIVn7tBiOghsZ6E,male,193.0,120.888427734375,110.85124969482422,119.54633331298828
D4jRWVQxSD5SdIZooMH2pgR7modOEqwPCKG574RVCHw,male,183.0,120.36578369140624,106.1183853149414,112.8181381225586
vP1Sh-jJNg7AjHabR7sf1WRlUEiFa-Gke4hTuQkzhmQ,female,162.0,106.76409149169922,99.64793395996094,116.72820281982422
7pyqRwzwyeKrKPvQY0YD4dw1BdLlV_dzvXPvRPA9CyM,male,190.5,117.53279876708984,107.21192932128906,118.80894470214844
fThetEGzg5QWmpMHSnjGRYQXYXPH6UXYBpMxZd-0_Wc,male,178.5,119.909423828125,115.94842529296876,111.37408447265624
-EujjqWPZ_L0NO_RqgxJ79mA23Tjj33cYAoFaysL4I0,female,154.1,122.96255493164062,112.93948364257812,114.80290985107422
FmgyxUyfXZdhV2BlpOlISUa68okBmPEVJi6Ny8eqygk,female,169.35,112.1288070678711,102.64142608642578,123.13633728027344
IiFA9usnpMOtdgyH3Hw-V13AzQoibMlu8lGGE61x3ng,female,158.65,112.5751953125,108.40339660644533,118.77930450439452
K3p89zXx-UsYBby3S4aWeV9R5aM-T_lwmxb2dLf-LNk,male,185.75,115.9072036743164,107.51255798339844,117.52052307128906
TtC5LgtzmDEqh2FvMAvgRCzBpCOWSYgrDs0S1vQ3i_M,male,171.9,115.71867370605467,106.48558044433594,116.15193176269533
zds1X5WYB1qKkZepOtxgzod7uPtX-dghjHUf5GGazOU,female,169.5,116.88632202148438,110.30490112304688,123.51605224609376
pkM5J5U7Np7qVseeF6PLdqZWQdOcDRVOqPo96OiweP8,male,193.5,124.42564392089844,114.5326690673828,115.2447280883789
Ln93h-QpBiCetrCjogBLV0szB4r9JwHItcq7dAbq8Qw,female,154.5,116.16554260253906,104.33544921875,117.53067779541016
xaq2jlOyjHdkBcpihC9DT-AGTxF1GGU24i63T3VewWU,male,170.5,115.7010269165039,116.06350708007812,111.67413330078124
UwbYVNhUg-Z7Vg1xyCMcWSFRj4AOQGpk5LtRS-kOwP4,male,169.5,118.28099060058594,102.06779479980467,107.27024841308594
sGpcX0Yq8iMy7jj5gJEpMC-1YcvbNWitT5S6X5YYhJI,male,180.5,122.5681381225586,115.39988708496094,116.5721435546875
NoP839tHlvR8LC8EAmB4xEvLRjJUrRrhc0_oIuwEBM0,male,190.5,120.61643981933594,110.21669006347656,115.64785766601562
59bc275d681516389ccf41e4,female,162.2,116.87029266357422,105.74661254882812,116.12032318115234
SHGPO9XrEnt07sVVxc95eNNyzpV_I8R_E5KFtMNABpQ,male,181.1,120.82102966308594,107.63973236083984,113.17818450927734
CKFPBwrwz49eS2XGCLmhIdY8uWrUvWIq52WKiNI5Rkc,male,164.0,118.71939086914062,101.5372314453125,110.6869659423828
QgfeuOOze8IVivTFjCA5CjmcZ2J87GUFLIq9O1Ruy80,male,181.0,117.77486419677734,112.8591079711914,118.23271942138672
uS4Nlsd6VQjC_MbPDR76MiYZCfgKQsrZG_UwbKzH20A,female,172.0,114.27159118652344,101.80828094482422,112.7562484741211
y78aCJqEaOUdDgPOeezXi7umAHL2m3duCPT9hBX1wnM,male,187.5,122.43106079101562,113.4185562133789,114.2114028930664
ErPNgCrUvUF92wqIZaBIT9t2vgP-T-ziAmtTWgShQWE,male,182.5,121.85284423828124,110.43592834472656,115.05452728271484
p_yVcHIa8_0dKhYnZw7I5Ye4ilVTfGUp4pwqdcjGKZg,male,171.0,124.4976043701172,116.264404296875,109.88443756103516
59bc275c681516389ccf41a4,female,168.05,116.93394470214844,112.0389633178711,123.69896697998048
z0o7aFFYBEOC_-IjkRmJDhQhXZMvQnU-KGDfHH61XKc,female,164.3,119.68637084960938,107.89334106445312,115.0902099609375
u0MjoQ1vUciA1ahHpgs9v5JLbXFvWMHrdb6ZHmooDH8,male,177.9,125.50335693359376,110.6194305419922,108.752197265625
IHApjwticZU7katp9cJaoUDOeGRX7BdEqNS5GEblrmk,male,185.35,116.4692611694336,111.02503967285156,118.76342010498048
72e6xpPgFKeAYYBN_LHxJRrZcwx9fD4-ixWA5ZZw9zs,female,158.65,107.70970153808594,100.01912689208984,112.3886947631836
MHSlcWpQY97n0ULNVud6441kEWnV1ZhIUSXp_LdRAwk,male,174.5,115.990478515625,106.9489517211914,112.30518341064452
JNvYCjFCVizUSPlVWEiT5RvXAV3AcfPFkpa01Y_3DMQ,female,173.0,112.78775024414062,101.9026107788086,109.18853759765624
59bc275d681516389ccf41f6,female,159.5,106.33674621582033,100.24129486083984,113.55496215820312
5_6zLQOStYnD-rthclZGGQuZuVmj2UPdFX73Dt2rHjw,male,171.5,120.2012939453125,111.54756927490234,110.42798614501952
9Dd6Dz9YjZ4Ch6cyA4fFjjy4uY9HzV_CpAIbhDicJzc,female,157.5,112.1921157836914,102.11404418945312,117.26246643066406
81b1O682zPgZRAJ2Nkj2zrZRghiRj_X0lqqXC5E4GvY,male,180.0,122.29891967773438,111.72210693359376,113.1624984741211
by41W0nzxt4Gf5nAI9Z0Tn6nAkLxmqj1XMQ8thKuxHU,female,165.5,125.19497680664062,109.16603088378906,109.11164855957033
730fN81DLQtgxZ5K4FpOgJUOCAIgg9I1bVhmIXOQgmA,female,171.2,110.16026306152344,103.14871978759766,119.7997055053711
RtKCT7Vv4B2-hjY1uFTiLCA4OBe30BT7_rgFeDPrxq4,female,171.0,106.58330535888672,97.28670501708984,121.16432189941406
GZz1_lA8IKwVLSHb5fZCKDqucfDREPVT6ljopD4SUtY,female,155.1,115.57624816894533,114.73836517333984,110.16866302490234
7bFe7VxhOBSMEBgASPgM3QkOFW6-cFMHDHydK-nTdDU,female,165.65,114.85769653320312,99.30367279052734,111.62903594970705
59bc275d681516389ccf4220,female,176.0,110.27752685546876,94.33024597167967,116.33185577392578
Z-AaC65JmtFlUW8a_nGt5PiDBr-Z0WziwmuQMp0W03k,female,156.75,113.7682113647461,117.4261474609375,113.81649780273438
ViL7uZ5TDBNxeTDud_le7mx5BJATJAISdNwBe0OcDXI,male,178.5,115.36614227294922,107.72449493408205,113.18368530273438
PxsFhzWWdGKMvqMtrMiu7ToUSSZa4rcZ46ryRS8Z1ds,male,177.0,118.89796447753906,113.56227111816406,116.85326385498048
tyn9j47LY8cGgO8IP8uP1Vm5Fl6erJ8NlugiCYYaIps,female,165.75,111.34156799316406,99.5382843017578,110.97100067138672
Jyw0H54SwVNKsb4Bmt1jfwtKuvA1WClTVW8V2JOnAv4,male,179.0,114.85646057128906,108.96065521240234,115.39476776123048
-McEo6mC4tLSFy7VWC75sy6J50qMBLo79tWDcaCagVM,male,179.0,122.19342041015624,109.36113739013672,110.95491027832033
OpsAHKwX0vH2qhmJul_yqJDkZ6aEfgL7JmQXapmG43k,female,164.5,117.52051544189452,106.75800323486328,119.24986267089844
EC66JDr10U3CsiBxBcjr9yDFyJWxntX__ubLEoysNcI,male,177.0,118.84498596191406,103.95491790771484,108.9529266357422
JtJm2KmKqA6oCQqOJJKOflI2bLAHwcc6AsP8PmsTqfo,female,168.0,112.32268524169922,102.95025634765624,126.8800811767578
rnCbgkcKJEpmQCBF_ZhCFcTMWiXF7AL4txLtprZ-rS8,male,168.5,110.7944793701172,112.7725601196289,114.078125
DAidIHQc5eh1Eo_4g2j6WhWGPXqGaWU050M3TAJKsOo,female,161.85,110.0550765991211,100.42740631103516,113.55227661132812
59bc275c681516389ccf41bc,female,173.7,111.09004974365234,99.3231201171875,119.2706527709961
jfI-wKSa1Vzx_qrubhAmxjuohcN_Jm7qnmOgg8Bfz5Y,male,177.0,115.42033386230467,111.08172607421876,118.49051666259766
RImghWGquKp-Ol8otUz5nMKMoeJEmd9skki_80D5NXI,male,192.5,122.65465545654295,107.05851745605467,114.90250396728516
yq5Scc358deZ0smPM5s1QdKaSGCVrRPCoBDb5d7lRiQ,male,190.0,120.71902465820312,110.88581085205078,115.01795959472656
59bc2767681516389ccf45da,male,175.25,115.73131561279295,112.24396514892578,112.57652282714844
pK4RpWfdiM4ahJRpUMBX0C1RAg8HoB1Q9L2SO13tW4I,male,179.0,123.06321716308594,111.62565612792967,109.22509765625
cx7H9JmRginjnpfFsEmrbkaeORyIyI6HnIfHMHDqKKY,female,159.6,103.62139129638672,109.48182678222656,110.3318099975586
xiIlFtub_tYSYAbklHkKFncM7qOhs6GkeRP1ftvw8h4,male,181.9,110.68045806884766,104.9468002319336,116.45263671875
lYnZlP0DOfYTeYfFIaR6gxDDuamKtDqT6LX0fHjC8bk,male,187.0,113.84363555908205,106.06092071533205,116.68778228759766
znrHG0kR6ihoDtVJ3hKtsEv7efH8IcFOYL5va2Qqkv4,male,180.0,117.39977264404295,110.35016632080078,109.82829284667967
X3IgwE33Fglksdvp53AKTMnTL1txWK09MjhB-g_tOA8,female,171.0,114.25555419921876,105.7652587890625,112.66351318359376
Qft8SrjkyOiUJE2WWGWi5qioxAL6RfK9cpCKkzYBGtU,male,171.0,120.87406158447266,111.67539978027344,111.3342742919922
9yDE38ljye2XhcQc38xggbv64HwXDSbDkh5bb3lMNkU,female,164.4,86.00697326660156,72.33474731445312,95.73676300048828
f9px04DYsdWpsWM-8X31bHjQKI1s7OU3IzYqUACuGrE,male,174.45,114.92554473876952,106.58824157714844,109.42030334472656
59bc2758681516389ccf4077,female,167.95,96.68221282958984,94.39581298828124,115.8496551513672
qVgPlaShYxE8kMc1gKBzUkgjkKwH67HD-I489HIo_Is,male,162.0,110.8868637084961,97.9340591430664,106.73171997070312
YUkWClmyzjpdyT2OoHUfL6OAWqCImFUUrQfyN4YUNJ8,male,183.0,117.64462280273438,114.1654052734375,112.60328674316406
nZUlJ3oSfVH51kquU28D-F9NwL3UjnLsxtsY2y6qXts,female,164.5,109.72437286376952,96.33212280273438,112.03760528564452
ZfXnpj9JymrEXySC2mXmPwiAf6u_Vlmu260kJ2iI5Bc,female,155.5,114.16649627685548,105.53326416015624,112.44991302490234
7qSpZjKddWTjcy_CH8tt0D_FzCZX7aNGIKlkfPeIOFE,male,175.0,114.85100555419922,105.22770690917967,112.56199645996094
Kr1whZRnyXXBfX2Qb68APhgjTqQOJoNCbyiyp8KjOUM,male,167.0,114.18083190917967,103.80453491210938,112.03218841552734
UwnIrAKE3fgYAZAsGCbzm-2v2HpGfkO_9oQWLkH4X8E,male,172.5,114.29473114013672,102.34219360351562,111.7315673828125
uc-v1U8HMj6nz2aVav24MAHM1D6plrOqyrGqpU7EfTs,female,176.1,111.52951049804688,91.3834991455078,111.03917694091795
5a1f2d379f17b800040cc7cc,male,176.55,119.37632751464844,107.1130142211914,111.8835220336914
NeEHJxFxG632zWy6Ar6Jyr7TNtJglor-PW8tlqoHAPs,male,172.2,117.45260620117188,108.17958068847656,112.40453338623048
QiAADJFrx4hH-ORJ7WLmTlPpW1IS1vQ19Paf_BEVYPE,male,177.55,118.1283721923828,110.83673095703124,111.6544418334961
DDliBRlYFBCyG-UjlAVLiDG4nvRl8nodOUOtLxfu5Us,female,162.0,106.60161590576172,103.7259750366211,111.0610809326172
jj-ymAlKRw4gwssTUjghlxgUc4OSZPQuaAgrGKJGcQA,female,168.0,109.4067840576172,101.44780731201172,121.16462707519533
vnohRvRete12wDp7zCI0rTWOjQO1NU48ZzyOXpEI_uk,male,184.0,112.00715637207033,102.09304809570312,111.61410522460938
SEmnk4jlSmg3QtnZMtmBa-LkBg--17VtCby5OBK99YY,male,183.5,114.07833862304688,103.57669067382812,111.0632781982422
oWFBFFV2dtIyJFBBpNkjkPQ5nQBChrUWbW6wxMrxYWE,female,158.7,116.5086669921875,99.95228576660156,111.79251861572266
DYJR9xAeblKG6aQwKXKaxyK5toR1c9ih8lq8cztV52k,male,180.1,118.08877563476562,111.69342803955078,118.03592681884766
0wvZ5ZeHgraG0oQGr38yR75PmIG9-hXYnUWW0uJqWtE,female,165.0,112.3879623413086,97.4811553955078,111.89044952392578
-60o95b9oEE83BDV3GpsAVPA4TFvxuPPqtXEY5PApy8,male,166.0,111.16407012939452,103.3951187133789,109.52946472167967
WvGQBBNpSe532EEM3AMJdoxUoTyST19JL_SBR2urNRk,female,163.5,112.84115600585938,95.29041290283205,117.67279052734376
BUhmNtrPKv9T-5hUVF14PuEsoSx0VEobiP4M-T7dqow,male,186.0,112.90576934814452,104.12237548828124,115.254150390625
P2napCkrkVITcwLhUfdanIOl4ysctsqjd_4DRNa4dus,female,165.0,102.99156951904295,93.18504333496094,111.09191131591795
7R6m49IITGG-lT_EavoGCfcnOBAx1QPM16fpE-f9iSc,male,161.5,110.45956420898438,98.34021759033205,108.02362823486328
PTlHUsHV7o9UT252M5WVnZ4UHD70AB2ki2h3-WTeFBg,male,170.0,122.7839813232422,100.8935546875,105.53057098388672
GbOk4JbzF5zpkg24rqvg_gA8BAMUKFen4zBSFPCcQVs,female,176.5,117.39210510253906,96.87300872802734,114.76466369628906
WHDczZcoVMaf0R3uyGmU6rQO3uolcyFIWaeQJxgLVVI,male,179.0,113.51917266845705,103.9358139038086,115.62183380126952
Q1mrhkvdeveFY2PVxxtCrR57IGVzOJsBhBJqR3bVL8c,male,195.0,114.47432708740234,104.68334197998048,114.20887756347656
8WXn9BpS3RqbAo1DOnJlmkCCTLNop6r05u16nWlYo4Y,male,181.8,117.9320068359375,103.14583587646484,112.50579833984376
78aFkOzy-pjbj9lmsp4uyrbotokRlchqTKpxs3K6npU,female,172.2,105.73245239257812,91.22241973876952,112.0676727294922
atGuTnEF7KvrxEVHkLzFTY7gdAZ36gghFPcJHudLqXI,male,184.5,109.12130737304688,112.81234741210938,116.82658386230467
vtUetlQRnFggW0gU19iG8wdTL-KlWikPJFIEMbsIWvw,male,160.5,114.56316375732422,100.75350189208984,106.42471313476562
QW2Nv2ELci-jrh1F22pctTT58FcUFls-aiIrbIm5Usg,male,168.0,112.8118896484375,107.01252746582033,110.39661407470705
LqwmZFz9Zs0XAy0zY8sJEZuwuRFvikqWWqAZangX8fw,female,167.0,108.13064575195312,99.1331558227539,113.61138153076172
2vMs6p-qIdIw0mTEz5emgZpxICq3glcfyQM3vwB3vBo,male,185.0,120.33712005615234,105.32633972167967,108.79192352294922
TPEFC770c-_JCFBm69zaW6mwzy_cDoLe7CouTJkeK54,male,181.0,107.93182373046876,101.58423614501952,117.90316009521484
0rGJdyxMb1htbhTkMtbdeGGj8aPapDY8PlclNf3Ofy0,female,160.9,111.11244201660156,97.04959106445312,110.9326400756836
K9zkdznI6sNRQAbGZyM9qavlSHz1QjDc4YT_Nk9SxNc,male,178.5,117.95995330810548,104.68946075439452,107.03689575195312
4gXQA7YvC9wjEAkjxtjYg_1zS4JZ6WaJLbs3nQKKfnY,female,161.1,102.1886749267578,96.56246948242188,108.9304656982422
s_KuB0FTrJowaJCSsCAvl-4zKP_oPTv3VjKQlyXI1z4,female,162.4,126.44674682617188,101.02640533447266,108.6824188232422
7ouRXI3yMEy6fO53qEjL7WsQ1BatKfqA7D5NfWi6X-4,male,179.5,113.83074188232422,94.32292175292967,109.04592895507812
6EyWCpcE3wKknntg3-9XIpMMwmkrwqTKbaVc2t38YfI,male,174.5,120.78374481201172,108.2665023803711,107.43120574951172
gFblhzof-gC7PAXXnQ-foacnYnSX9YdOYVOS3h2Anwo,female,161.5,109.94210815429688,98.5714340209961,115.28119659423828
59bc2764681516389ccf449b,female,168.15,106.28810119628906,98.31578063964844,114.22377014160156
3ksASfe4f_APd1tLxccDtth3VbpJ9SgIcz5vPw7Y1os,female,165.5,113.65008544921876,106.21986389160156,118.57276153564452
3A5Rcv9or0IWuBb1I_iDlORBsIfkkhLI1j8QK5uP6AE,male,165.0,114.89944458007812,106.4277801513672,108.1436767578125
FIKdwgnu8NHVkxHD8cCqOboG8gQmA_Ere1JE40CnfLs,male,187.0,111.89767456054688,101.0542984008789,110.8940658569336
NTmudVTq3KXZsMxKbzh7FZ_Cwidx_LNAFffrMFwhizk,female,147.5,113.8180694580078,96.78948211669922,100.68437957763672
59bc275a681516389ccf40bd,male,191.4,119.01628875732422,104.77503967285156,111.76699829101562
AmedggJX7Rhsxnnl44fPJ5Tj4zIapmO_nJ_gIV3nHlY,male,183.5,120.1257781982422,104.81439971923828,109.375
59bc275b681516389ccf4111,female,146.2,116.99549102783205,103.81707763671876,111.23329162597656
W2KMv_S0_4Hsm2X-rx_6MSBFcpHEivib5C4E4eOnBzY,female,165.0,100.45619201660156,87.32372283935547,109.55917358398438
-CQBOT5zSJk5ZYlZ4cgBP2x4lzzLLdPC6sIbhUHYddI,female,158.0,113.5492706298828,107.0347900390625,106.76206970214844
ExHvSn3DH-iqPCP5yp0dHLvKzR9chhSsrs-V5Nztrso,male,175.55,114.9196319580078,99.67581939697266,109.8766860961914
fP5sarrUu7-n8UtbrC-v1DK-c3H4Qpp9iDDoM1SxyTs,male,179.5,111.5477523803711,100.5526123046875,108.48267364501952
QN6awL28K1oOGTfvrs6JaebgAll0DiBRUmVZiVuZx2k,female,160.0,108.86634826660156,93.9554672241211,109.97640228271484
k1hi20BJAqls5jIB-NeHd2OqMOb27kUQyoZbB18qx80,male,176.2,116.31094360351562,105.95016479492188,105.03055572509766
Ucf-qtgMeZvQRaFlibfSZjYzSkrIPBEgBsCjvwrpYtY,male,186.5,111.78267669677734,109.77486419677734,114.63873291015624
GHBbDwaAvfvXX3XyEWZg2vpCJQyH6_xgMKorwr3v_nA,male,184.0,119.61758422851562,108.8276138305664,111.90111541748048
4d_X7JZm0gneZC8ffiFtMDo1I7gKKmN0V0ER7YrB8pI,female,160.0,102.69129180908205,91.19351959228516,107.83265686035156
BIgqCAZI0sAs9l6VoYb7f5DEalgi2C2UbnCcl6iXX0U,female,162.0,103.43244171142578,97.73299407958984,110.75071716308594
Xvtc1yn6vhpXIvF6FClUiuuE0lTTIgw6qR807od8xgo,male,172.0,112.18254852294922,97.04672241210938,107.72640991210938
Bwo4aB1FVh_V5rDzT7D64XUtIYW0ZjOAy6k67FYdICY,female,164.4,115.18218231201172,100.68912506103516,108.95348358154295
59bc2762681516389ccf440f,female,161.5,106.31739807128906,88.47762298583984,109.80260467529295
VchxmPjbff2Q9NFkNAM-ZcomUss3G4RYAwc_pryTIQw,male,173.5,115.83082580566406,112.85474395751952,112.29117584228516
OLBWnedUwa0ARUg1ZVSXNvBuk5yLHZrgyB84RGKdYeA,male,190.5,110.0836944580078,110.9191665649414,117.83876037597656
X1GE1aJVNlCd0S4_q8lq1f_3U6W6FV4dxxMBZiAZ_No,male,184.5,112.5303192138672,106.00276184082033,112.04641723632812
tnGB-cg-_pSmt7YQ3y3GNnX1smqoOnZBoYvHhIxFHQQ,male,180.5,114.77891540527344,112.9172821044922,108.79468536376952
f62_eizzmbPnIL3GPy72UA4uhPHb4b8eMwfg3-BDTbQ,male,176.25,119.9585418701172,102.42597198486328,107.17257690429688
Wkfwp2rGuRysmKYmeIPaCQ8oChBz3aE-R4ywK6Uczys,male,178.5,122.2383804321289,108.2885513305664,108.3062744140625
59bc275e681516389ccf424f,female,175.0,108.13639068603516,97.1098861694336,109.55274200439452
29NvYTuuEKc1Xrym-L_6TZM91S72J5H3G45mDsFXTnc,male,179.55,113.68846130371094,108.17127227783205,118.3687744140625
wF2Klo0rth7qh_o1oCnMTyv4ApfQTKluNJS2gQqqtFs,male,168.75,106.80134582519533,100.21704864501952,110.75582885742188
9u-vaMTZFzgzBDbB_7W0DzM9IUpAxQey33Uwvjo7q8Y,male,182.5,114.56488800048828,103.4947738647461,113.59076690673828
COXJIiTpnij6N8KobXwfdCeZ5CD68fv3_F0mp3SYlZE,male,179.5,116.0210952758789,101.98411560058594,113.097900390625
8VeEyDejvLRbA8-2IJk8xZ0uZrL4FJqtOqtMOVHwCtA,male,187.5,111.61551666259766,107.1974868774414,111.52110290527344
bePP8GwB1nKVlVvjZvSDz-7IT8NHanHkLYuCqETpods,male,177.5,114.80187225341795,109.30287170410156,109.64044189453124
UQ2GM1XaDd8CXhISjirrgITujA48e9-JNBkpT5crPkM,female,165.75,118.84147644042967,102.19329071044922,106.078857421875
jZ_TZuGXQhSV1FrFbgIjHBb-F2ze5pZQTjaO46_PZDI,female,161.5,108.3211669921875,98.19490814208984,104.93031311035156
peqbN0eHFV0JIsHpIDwxcN9iRKDbQRyZj8Z9LX12cO0,male,169.5,110.55946350097656,97.40035247802734,108.34864807128906
VdlO5OvevKp6LkWjHyDKuTOZ2LTdcB0a8yigC5evDjA,female,177.5,114.38491821289062,94.51936340332033,114.05241394042967
9M8tILHpx5CTackWNzCIbIj0IJjBSpN7nG0btn5QAoc,female,162.0,107.20677947998048,95.96341705322266,111.6262435913086
INqS66tGbCRyqtCOklRuhFR-Keg4LlajZfujjvCwH0Y,male,166.5,107.28076171875,107.8977279663086,111.4161605834961
UAE7Hyh70ooJw9sM-KQdlQNz7alojnEAxsOlpFU-UcU,female,162.0,114.7512664794922,100.63155364990234,109.2858657836914
7ZYlxTERmHBIDp2DG-eUiSEMowbgMvn47rv5cU-lKMs,female,163.5,105.1161117553711,99.1423110961914,114.3428192138672
WQCNmdegEjLJopGh4wnLhlB59ODC54Nioo42UEKXxSY,female,158.65,115.24358367919922,116.04043579101562,121.46998596191406
Bc22uCvw7uMHbGioIywFoiqXPBu9_05dz9ptmmuPUaU,male,176.4,110.35420989990234,100.22209167480467,113.16154479980467
WI1vl-ZFYxHye2KnzTcSJtBF-i2LXmzx5-qrdr8NSsY,female,180.5,90.9536590576172,81.1572265625,104.95665740966795
hiJRhc9sOlslmIb-Rp3XAguhcRYFpTGuTvMD6JvjDaI,male,171.4,115.16134643554688,105.40242767333984,109.06279754638672
NeyszvHjJ3aJ--cxUOQR12-MFqZA82Uityzo5zWJNRM,female,167.0,96.6828384399414,86.38764953613281,99.32747650146484
4Hy_wkLsPiPHDJIuoAkXO_OdyS0NzY45rDyfxVNtgis,male,177.95,115.33475494384766,104.4267578125,109.86752319335938
nJFMmSoZs5Zs5-RgDcZZn8YTMctB5tHfa-q-Xv1CEaw,male,183.0,114.94035339355467,108.89251708984376,106.70726013183594
oz15nKHCHoQdBfn6TI7s2hgG__qe6NVVjwNYEKf8uLU,female,153.9,107.6779556274414,96.30733489990234,105.65323638916016
WrxffaQ938YfkO0xe9HgpYw8Y-mhYejMi3zzX9cNO30,male,178.5,117.30418395996094,108.68717956542967,109.7947235107422
H6vKec4GaaQYS0-AGcGjN9l6XyTruuvrcUjUDHxowNQ,male,191.0,117.39007568359376,100.3960189819336,109.33147430419922
1BrP3UbGJXblnMCCmaNTIbGGRJ6SqexqQoEqqFU6z_M,male,176.5,118.8440933227539,110.42811584472656,110.2225112915039
IsQFJLfyQDwpkDNLiJ6IBIwizzxKW3YAzl_4qgPap3M,female,165.0,101.07511901855467,93.41423034667967,114.51113891601562
t9Z1V2IlcVb9SWtnnR1JSTL06q7FCxEuYMrMETTOcyo,male,180.0,116.4208526611328,106.0369110107422,108.11307525634766
nMxtSMqdaQ8vFXyyv3RjKPaq6_NYNtochvAYm1MyzrM,male,196.0,116.02979278564452,104.48967742919922,115.65515899658205
5GI5rJ8Hsq8qZ9edr6qcA9cgwNzJmx0PAGxzpZFx3cA,male,175.7,113.99171447753906,109.3286361694336,111.14070129394533
nvr64DIUTZJbg86q3FJTr-oLxmPJ55Cm24d-XIPwzyY,male,188.0,108.72102355957033,98.2087631225586,112.27531433105467
_HX6htU4qfGZb8nNmz4VckuRaH9YVs9bq5JFo89yV2k,male,178.0,113.61762237548828,101.04792785644533,110.43826293945312
f-Kbe4rli-4P_CBF1ZG6rJ6QAHJ-Sx811nCShZKP28k,male,187.0,109.28369140625,104.54389190673828,112.69752502441406
pcSg5EC6_9nB-gF5hay8T1OenZX3-08HESOONNxdlFE,male,173.9,116.0307388305664,106.88259887695312,110.7253875732422
7tMJnQwy8GllyZBOCK9-GSEBJVNATL2kTlOonwK_p1Y,male,167.5,108.19693756103516,90.4815902709961,106.04379272460938
uicBrPyYRi1_A7BeIUg6-tDnn2xFKcLQ1QNKXW341-M,female,165.0,108.69033813476562,92.71012878417967,106.7180633544922
MVP0z6Ij0LwHU-_FCzaVhOsRr9_OCwlc9ElSSK2vwAI,male,172.7,115.08084106445312,103.42521667480467,107.76264190673828
hsBaJx117F-ZlugN6j5r1xKiwRRVFk4hvIgx1MxylpE,male,173.0,113.8577651977539,107.50440979003906,108.63389587402344
C2_TbTQS8mt1iDuch-2UdIl07Aw7vZ9jqRFmU-5u0Ns,female,164.3,106.06746673583984,99.33390045166016,110.4988784790039
XeDRaHj5d6BauYMYPwEltTG_rY04QrkDj7AP0WuqOzA,male,176.55,112.10574340820312,100.73600006103516,108.79117584228516
XbtZkUysOe4F1PjI7R9xyAdu6z40H9L4h_UzcOjimXw,male,170.5,113.68533325195312,102.43707275390624,107.06260681152344
yB7E9wkbObCx2IbnItNECZraH370SZGu-Xm4n-hpxB0,male,175.0,111.06216430664062,105.99787139892578,108.75226593017578
qep3n84aaCKasBgO2BeR31QM8ZpVgzLqezLOAO_k3tU,female,173.8,105.38738250732422,95.19105529785156,112.64374542236328
hE7KFBMgARfu6_0zBBt6QDRaF1pKI0Gp4kzm2RGlICI,male,187.9,119.71664428710938,113.15982055664062,110.6549072265625
59bc276b681516389ccf4751,female,164.0,98.8787841796875,92.23728942871094,106.33554077148438
dcIPWB3L2cJm56L4j2ZV2B3eoHu1erjLcYjtxT9DcIE,male,179.5,114.7847671508789,102.56774139404295,110.58040618896484
ZG-ukcsU--7WfpbWk9E54gMvxvEt0zSUy_EQB3Lsivk,female,156.55,107.58708190917967,94.09381866455078,105.29426574707033
E7yXJPyBXY7qQ6ec2BR24Qp7P46IzFTodv9yt3RDrfc,male,171.5,112.96914672851562,107.37857818603516,110.54356384277344
vgF_c42OznlpdGNkmuL10jZlnGamSbMLTtCRMA90hOY,male,164.8,112.03328704833984,97.6010284423828,107.19940185546876
Zd4gM5Soy9BQMXPyqeH-bbSV_Tl-RAfVSEui_pDGfeU,male,168.7,111.43074035644533,100.34358978271484,104.9781265258789
Q0xb8LF0NL5XCdHFaoOj5XHT0p5Do8Ei9-IDRuNYOd4,male,180.0,113.43327331542967,104.38096618652344,109.46061706542967
hjX3l7ri3GYLUjX_BG6mAdOGDvG6fEUEKHDOeqbPUZI,male,179.5,108.4421844482422,102.26541900634766,106.52816772460938
hAjtL0vRWlY3-AgvjiphhV__7HHDECKI5J7E35ypAPc,male,175.25,108.8695831298828,97.26692199707033,105.32933044433594
VN8XgNOE24ghLuTPTSjPZfsE2oAJaUvwNmHUCehe7EY,female,164.0,106.7127685546875,88.3956527709961,109.83887481689452
E_mYXtWu7JBX9zqu-TJrEMuu0IQFJ1HzYLTHZfjypw8,male,176.4,110.69049835205078,98.70309448242188,109.41558074951172
6Nc20Wz9HQROL19rBmr93rQxjI53A_JPLrawfGg44Co,male,179.5,117.0411605834961,107.34575653076172,107.74456787109376
59bc2764681516389ccf44e2,female,165.4,106.96390533447266,98.41585540771484,107.1247100830078
VyPaujzgH47Au8wX0TP8Dhzpn2eD-6nt0au_A0ilpd0,male,177.0,109.62458801269533,108.87367248535156,114.59559631347656
59bc2766681516389ccf4599,male,174.0,109.48937225341795,102.33252716064452,109.71575164794922
nICeaDBtO_qgPeDvXMpKKieTd16GzfPSMb50AhP5828,female,164.2,103.81769561767578,90.08235931396484,107.38533020019533
rbqXSO8r3ptq7WprPA1JX6__MhYsUVsfts58LQjoBfk,female,158.0,102.13999938964844,91.35496520996094,109.99706268310548
T9eqjcfGhH1yU4l5GYiDDm7Psqkghqz0Ijd4Ycsdgdo,male,177.0,112.0984878540039,98.0444564819336,106.12850189208984
MFV5XDGBbcmrL2_oAiUxMEUXndPT6vSThBnnjr7q6A4,male,175.0,111.83868408203124,101.35519409179688,106.84025573730467
w4QLak14sViFntYhExx0tM4wy1u7Gp2VWqSbHOgO_Zc,female,174.0,108.33525848388672,98.13516998291016,115.06844329833984
HrCRAtTKdSCNMXrG7sGjzCQ5_nS9YCfhonwOpx-gYLA,male,183.5,110.4815444946289,102.94818115234376,110.24091339111328
GU8lJ9LgrxgM63ZPI7aLxUPqFtBQV0GCwrBbd-Q9alc,male,167.2,108.52220153808594,103.64512634277344,105.3739242553711
OSK2OpdvdiHXzX-5IyZVXyqrqIC4TbkGTeUWo2A55jY,female,184.5,100.29033660888672,89.05330657958984,107.89307403564452
hHL5Lxcqd34jCxO2g45S16J3J9dqVWxJmM5B0HEmULE,female,164.2,103.6672821044922,97.8067398071289,109.80369567871094
Y-AXGeJT2vKhNAbxii5kPW-HYR5ETEUi-8ER8qr8u8U,male,167.0,112.20038604736328,94.56512451171876,107.21942901611328
DchX-kL5Vq9LfgQfd4f5iRmcJVFniRcRtBPpfv5dEaY,male,172.0,109.30267333984376,101.6360092163086,112.49857330322266
tQIti8gz6zcsHCpM00XkYvmMoKu0psXq-m-vSKBiUjw,male,179.9,114.5171127319336,104.29720306396484,104.76239013671876
POrRNKsiJroy26MF_45GMYIj9GSQYqT1FHIh9ZmkcQI,male,190.0,114.52828216552734,110.64419555664062,113.41432189941406
lBh94k4B_fpqFfHMS_pw_1jthlieAw2E4LfK4UlD1tM,male,183.25,109.33151245117188,101.7065887451172,108.8600845336914
CeXq-ry7CgdV9VOSUTe1DxFlckss7pOQS1t__UWRib4,male,185.5,117.44313049316406,111.78648376464844,113.10824584960938
MA9HrkF2LuEC3BSWoQa0ehE1w5CWO0N-ENo7aXTpM0g,male,169.2,109.39015197753906,98.52755737304688,105.93215942382812
0qRH3UAnRSlRrPNxpd94zBYVRZViXIJ98JiQOkF9TOY,female,161.0,99.6177749633789,89.17278289794922,108.1435089111328
Td4mIqilWGsvkJvnFS4iNgYNa1DPtYC1niRK-azjLvE,male,182.0,114.98216247558594,95.11942291259766,106.6725082397461
HMwsrG2Hh4AHrLBd0NDL1ZXgEInQRxQGiN2RnT5c2n4,male,180.0,109.6471176147461,94.0925750732422,107.12518310546876
pdXpp5PYFQJ7GLK53JO7ASvIMtofhcr8LJNqMCS4YWo,female,166.0,109.50940704345705,99.25440979003906,111.25125122070312
ArCTyEI49rEdplfHwC9S0HuE3rvR4bllQp_3-wQldR8,male,173.0,106.36141204833984,100.21512603759766,107.7885971069336
Tmr6CYfbPz6eFTe9n_GhgP1TyZ9sCQryAXkgPFrO1J8,female,156.2,108.78936004638672,99.27890014648438,106.83199310302734
2XxoxDTOvtuoTIbSfRRHmzG621PArvFXEGQw7eLhTKA,female,158.0,103.68083190917967,92.50763702392578,104.66130065917967
0SyJzPv40sIj4x5bnMVcWLCvMAdjzQIzdn4_rUMwJ8o,male,175.5,109.12569427490234,105.555908203125,107.9964370727539
YcxwHCr2YlJ9tIzVXoGqQiwAelfG9ffDLwbxkcNxA0c,male,170.9,115.12396240234376,100.60958862304688,104.86131286621094
EPzw1EmMy4-2WqBb_LB-GwiPzhsgyqRtkH3DpJl0O7U,male,171.0,107.9143524169922,102.0819091796875,109.6407241821289
9LL3l-OUpvVhNF3R6QYQyT3CuHu-MCC6p3xNFk8r0eo,male,191.0,114.28340911865234,102.89907836914062,112.25873565673828
mCSg7N-JBEONi5Nx2883EbRygYErTNtcAgsroNR3-hg,male,180.75,120.31672668457033,111.70567321777344,109.74226379394533
q8H1M2ZEMD0L5qVG6bYCYULEM9nJ1AnGfSwVD3ZHqzY,female,155.55,102.53492736816406,89.45509338378906,106.31664276123048
gB-Pgucmml-LBU6kRRKUxrgaAFk2wWj2sgnJyRl8QZg,male,172.55,118.12133026123048,105.04932403564452,106.75489807128906
TYHuMlCy8XKYKTcIHJLBnTlXFuvAqSJY2ASuQMrN3s4,male,173.5,114.06586456298828,100.91619110107422,104.63102722167967
TRuxsXb-D62dw0s-4nnUWMPAirz75DlxLhpiTE34d90,male,169.5,111.90386199951172,108.27433776855467,104.9944305419922
Ch6e6Z9FIyS6tVflcxYh8mvH-bpXl_wjt47fAAVvo9w,male,173.0,111.9989013671875,104.92552947998048,107.19456481933594
6bHu3X7FI046DYPDy12BIiFXdqjFfsmnCR29PdM8Pv8,male,169.0,112.4333724975586,103.03578186035156,106.27749633789062
aG_54Gu9ePArDNEocde5SJNO6j6uCeQkV7knx7MdUrk,male,179.5,113.3352508544922,96.0196304321289,106.29546356201172
NouXHWoRzvEgh1xxM89HpU4qFetVsC_Ib7DzixCIMQ4,male,185.5,110.52967834472656,103.87386322021484,111.61647033691406
Cqf3h3F0sRrl5v9a0RoFogAWJU3E4sH_7JRNxK9IX18,male,182.0,109.59524536132812,107.17054748535156,116.39260864257812
RxMNb3gTmoISfrr8Bq66_Y6mab1irN7S3JkFj2MxYCE,male,173.55,110.33512878417967,105.02188873291016,109.85674285888672
bj-RhGWY5BnTcaxjvNYJlI6BlEvTlAdZs91pmyQSn4I,female,172.0,117.56198120117188,104.35868072509766,107.5511245727539
dMIvH0SpSWeC6Zacl8XcYik4jZEgiv3RjUs-b1f6i3s,male,181.85,109.57991790771484,104.86692810058594,107.32290649414062
E94UMPZc3-uMfYi-RQKaVTIq9gxZgdqrwYROrJoU2oc,male,181.25,113.22718811035156,99.18175506591795,111.2554702758789
tnzCZ2q_Aej8gIWj11YPJLlkCDOEqmDvuLwqyliQL4A,female,179.5,104.22342681884766,95.8279037475586,117.55413818359376
MjymGihCG7nyeic8DITCiZw4B1jxJ3mfz7RoNe_CpRA,female,162.85,108.89685821533205,96.8974380493164,107.74017333984376
Yh-qLSNf_zUb88HuGuaWR7XwkpX-en5HAzgxqPoC2TM,male,174.0,105.40575408935548,100.10276794433594,108.6303482055664
lfhlyIu2R0DVbQGuCpr1KScCz8_CLUPpzwyD3tc18Co,male,177.5,106.23297119140624,100.9190902709961,109.98511505126952
v3PCZT6uKPNea1CY7sdEt32T9eMiuouaGXUx1nwp134,female,166.6,105.80731964111328,88.84115600585938,109.51589965820312
mZBum4Ul2F5DEsR19mBgDeFkIXu1udjoMSO9uRHC9h0,male,174.5,112.38211059570312,102.33641815185548,105.6032257080078
5a1c461fe7cb790004827640,male,172.5,103.20252990722656,89.39431762695312,106.90967559814452
ZU6-LyN0O-VeCvbPNyuqqO-FrAolF1beJ0mq5F-Xzq0,female,151.75,108.14441680908205,99.37047576904295,111.06161499023438
NHYTWvYxeqGl68vqemGdwryhfk8YKDAAT6yHGpcYTMU,female,161.0,103.18321228027344,94.48631286621094,112.5302505493164
l2351wsWOcvkR_MfXQ3uI5_DS5U2eMCkNQcxw-qyfFg,male,171.0,107.16332244873048,99.51116180419922,108.6784210205078
LrAkx-cGKYisCnYZom4wNlYDzVxCmrTznPmszYNooFM,male,175.0,101.9268569946289,95.62506103515624,109.920654296875
Uk7zGibxh5H429fo1NWaD4S4eolNYAamBxfa4ojXqhA,male,181.4,115.46956634521484,105.56192016601562,106.52465057373048
fn8p7rW-oWRAM_Vaa4_QI5LosHcB8iBuH4NCL6sa-xE,male,181.0,114.8056640625,104.95523834228516,110.91690826416016
_ZbrvhysbFi2QhwTKJwqtb3t3zwDDiMYC01HicsFUWU,female,163.0,109.6253662109375,89.18647003173828,106.55675506591795
rUc4yxBryYIYNvtwQfEXmFbgPyKVjeyD2wBIvez1ybA,male,179.8,113.35977172851562,111.68164825439452,108.43958282470705
EApSPjEmc7qb4yp3y2p50Xiv6LaNsRds8TwVXx8h_6o,female,162.0,108.12291717529295,100.75708770751952,112.89535522460938
SGYSr86YAIQ-rG6imvNMUUDbP-rLA3m8pglajFBEf7o,female,174.25,107.13016510009766,98.56291961669922,108.27820587158205
3k47JvUqGCbFaJgJEhEiAhXxa5O1yS1Ms0w94x02iI4,female,164.4,112.06155395507812,100.34426879882812,103.6939468383789
f2UZJQyHw_NOKUw53m3X4NjIFZRCHcWTZ5MQZwdgCQ4,female,168.0,99.4080810546875,88.23474884033203,112.44104766845705
L8AV1kOMRp33zMsQyVZeFe95-Hl09uh5wFdYt4BRDZk,female,159.5,114.56694793701172,100.03968811035156,114.60325622558594
ue3P1rds2SorwiUP4tCm0-7FzgMFwMCRwqVvbKo9jwc,male,163.6,113.46762084960938,97.62007904052734,100.3329620361328
pgzn5uA5mmZ0azyffDXXtJb5jnJMN_NeZL3kbGoCnvw,female,157.3,107.83118438720705,102.1424331665039,105.1231918334961
ahM-DNugLEwCHl26HWvwVtvrNnBKnV_YqWeKXVgOVpo,female,147.0,86.2656021118164,75.88623809814453,90.97149658203124
4loafOx5K1rLjyttpQw024OkgHFEIcG27Y2jCdudQJ8,male,170.5,105.3797607421875,99.2017059326172,108.25214385986328
04OpodqGqUfmMQC987slYUMexHpuafsAbhawWfRp7wo,male,173.05,110.18009185791016,99.9557113647461,110.6600341796875
8E60bRmOL3oeQj7YmJXo_-G4lKPKKIpG6OYyyc3cLOc,male,164.6,108.19561004638672,103.24967193603516,102.88121032714844
Nd9tQGPzZWHmXztXwfqP_CNNVoQ5a-YgEhcOnNMObTQ,female,163.5,107.90235900878906,93.8603286743164,114.94190979003906
21AnYyb6w6M1hNj42r0F4nk03t7St_L-JH76UZna6KU,male,186.0,107.4844970703125,94.9634246826172,110.3258285522461
baIjIMo2nxUwvkkIMLjkKabTsXMforHuPWVGupIQu9g,male,179.5,114.57906341552734,102.7733917236328,107.95114135742188
ecK-7LRnTbmywHKx0VYAePVNJhTeZGmqWMXu__3SdnQ,male,185.0,113.03412628173828,95.06668853759766,108.73806762695312
CM-k2sWlxOSS_H9bXQ268_o8gAVOdk6nsVPBJyWO8rM,female,149.6,103.44180297851562,86.05240631103516,101.53933715820312
-cVyBck9teEIqY0XFjfj5XuSX-RPHG8mWNFEaP5wDWE,female,156.0,106.53643035888672,85.88825988769531,103.14043426513672
EZf8GCv7WZ5l8j5itthrmnOTBx1GAYks9lIEXm7yFd0,male,171.0,117.73626708984376,109.58789825439452,106.84942626953124
8OKqZDzQXThKc8E4ithqthMcYG2HxoGCezI_x1gLif8,female,162.6,101.25393676757812,90.51750946044922,111.82230377197266
UrAHCa4DNuGJIlUJGe225VozWBkZpRce2dmQCRDbHfQ,male,187.5,111.96717834472656,88.51103973388672,104.8558349609375
CHjWSY4mzPg3abl5HB_P8fK2e3duHwHelNvhPIzNz5k,male,172.5,113.50574493408205,104.20654296875,105.8465347290039
Z06eP0fGE6r4C4mNVvfMny0ZwN8WwHX5W10iRv6cmU8,male,185.0,108.99378204345705,91.74270629882812,105.22312927246094
N8vHFsQaGtPOz7hgeAexKpIMTsng3dMarv19O_VhSjU,male,181.0,110.36128997802734,101.04557800292967,106.63089752197266
6QUZA0v5ZRqi_OjovOS4Qi0KJvsOSqlt1I1U6Dy4gAM,male,174.0,108.77546691894533,99.04439544677734,109.20674896240234
HTWFKnEXIw05T44MGK2Wj-ti39yrly54SGur7zsyh5Q,male,167.5,108.1047134399414,97.07029724121094,108.48880004882812
4kjKtTvN9It-kBhHstGJ8L6vDErPrxyhZscx4mEMjSA,male,173.0,109.6303253173828,103.35211181640624,106.44129180908205
meW7irc04rTSjma1qnGWxm0czU9rn_s-d2g8j1DczZE,female,169.0,99.89594268798828,90.10877990722656,111.13776397705078
gsZ4AD4rXODGlXubweBxMZnk8Q1CpnZKTbRsuG2tPQA,male,166.0,111.12342834472656,99.8895492553711,103.9761962890625
9OL6hMUweRRRRi0GlJyvMl6IwqIy2Dd0EQPjU4ql6lA,male,168.5,113.59104919433594,109.4002456665039,106.69871520996094
6IwiX2LcrzEfK1BggHJ5O-kD7WevYobu44R94rr0n14,male,175.5,109.50949096679688,102.61012268066406,106.71348571777344
GvmMrhkX5kHFNk_H6YOaAozhRse4v5bguiGj7gEHPv4,male,168.5,111.04959106445312,94.7694091796875,104.29598236083984
X9EvMDlRRxrSSbfyeMHZYyeQmEP7PI0L7syGe6xLda4,male,174.0,113.27181243896484,103.91000366210938,106.65591430664062
enOqRteWy9sBYoAJJFatZC4hglVw_YtG_wRJ_lfJp18,female,161.6,117.1470718383789,96.27346801757812,97.52040100097656
qjI5gzFZD5ngTks54SsoluCXKJzmR0yh7utNvmupAvA,male,179.9,117.72899627685548,103.27092742919922,110.62852478027344
7G6_QGri4HZq5i-zrG3UfNOULWuKuWoKPZ9pfX60lu4,male,180.2,114.08444213867188,101.00564575195312,103.98155212402344
gqRxIgVyMryllBt0Bt3VPL5xjK_HM0aHda70g05Y2y4,male,174.5,106.6072006225586,100.91535949707033,108.8126220703125
jEmr6JUw2BDqbGO2XSMF9iFQhX8Zi5cX2_uTMlPm2Ec,male,170.25,109.47058868408205,100.14070892333984,103.55551147460938
O-a4oET_iJqLxoOnYsGNvUt67P20sS3-0h4-JYT_VUM,male,176.0,106.43293762207033,94.56951141357422,107.93489837646484
VoRwylOhzaK94MfUvYDcqvzUjivRhBwzDjaYxQQ9ZyM,male,184.2,114.78060150146484,112.87867736816406,110.50444793701172
EU_UtqmsPy2xW35iJcsFplr9CMI5BDH-Is0qi5fVYlQ,male,177.0,113.53131103515624,100.0456085205078,108.86701965332033
8IApUAdxeNrjm_C51tKGJX8OQlNv56uHxpjkqqy06aU,male,169.5,110.22569274902344,98.57083892822266,103.45515441894533
sCEkfbrKxA6OqB5WZ6HKBdaoenNQrFoQxjlt8xdjO68,male,193.25,110.6404266357422,94.1860809326172,107.42745971679688
0Up4gP44WpK3WbvwdreR2zu-Y9s2ELCBmK14pX_Xy6Y,male,175.5,113.47997283935548,96.8787612915039,103.95304107666016
2WBFpYzazeIV17Q2meXi_kc_aJZf-ie6rkhKrU6ig18,male,173.0,111.3026885986328,101.62543487548828,108.1917495727539
59mUFymokrvWt9wC3f2QT8rLgfIH_7dZv9C_9lDGmk4,male,166.5,107.84896850585938,91.43155670166016,102.53797149658205
4hWg8IZAwsSeZ6s6h2ACZ2WkYPTe8yB48jPxJZwbiF4,male,183.5,117.0335464477539,102.7535400390625,107.19800567626952
NmMb13HMjQsx3SPyqROE0QXqq26gamkQav-ThPHADnw,male,173.0,108.78546142578124,99.77803802490234,105.49525451660156
8PK-JTZ7W6YcmAysOpC6gylBq-f4mjEOjxG0eDEjonk,female,159.0,105.74474334716795,89.96045684814453,104.01806640625
csaAIT3E5P3uy8GXAdLV3OsjNls_Y-_K2rYyutGUcFg,male,191.5,113.43820190429688,97.90482330322266,109.5974578857422
x1f2s_UJaYPGwtUbwUWwA_KRu6TkqUbomKd-l04lF2M,female,162.5,98.37784576416016,83.66989135742188,105.01277923583984
6FgxECq5zMuiTMve-_ub2JLqznhRofT_qnNM57YmHQI,male,180.5,112.77094268798828,97.26740264892578,108.09680938720705
2xxiZFm5qMJAVTRt3PwYFITQtRxLUHetHmjN_qp4D_Y,female,156.5,98.0508804321289,89.73368835449219,109.39189910888672
2JkNVU9UJRCazg-N1KxN9shw34GLR3C8IYhIut92eiw,male,169.8,106.14325714111328,101.6266632080078,106.71337890625
c2B5JStYPEIlJ2AETYXBTXjztLgcpF1YZXsbwBJ1fuw,female,171.4,103.87097930908205,101.6434097290039,115.1170654296875
m6bnnhstozF5e3qocMoIjdCFW_yH6vh1K68T40-77SE,male,176.0,111.1261978149414,107.45433044433594,110.93000793457033
FNM6BdzPH7Jhr-wajdY13kpKGYoy-6wOH2FeN_ITBqc,male,176.0,104.54322052001952,91.35674285888672,107.54328155517578
YdgaL6W4QcBWv68YQvn23Gf_BRFXHfgIhuabwIVr6fE,female,167.0,110.35391235351562,97.6280517578125,104.95036315917967
95QV4fp-kUUuyLGld-fsc9qz-gsgCyECvI6vSzZiqoM,female,156.3,104.52809143066406,86.6588134765625,100.52355194091795
Y06QSv4VqI5OVtqO18kqviSdmguh1MNiJvt7aCnSkNA,male,170.0,109.28679656982422,88.06603240966797,106.2357406616211
59bc2764681516389ccf44c2,female,152.0,110.0667495727539,88.65998840332031,99.53335571289062
A-KSiAlbmLdaHtV_-A_n-6SEKsfkuYOJg8p9tDRqzwM,male,186.5,112.70361328125,96.40372467041016,109.38147735595705
YzN7_E2tbgGxlrCU1ZDHJw9ylm4CpIRPmr2cyPHkl6o,female,157.5,100.7598648071289,91.52781677246094,104.67314910888672
QLWl4hAxVhedj3BGM7HyF5my3GJnKsXc51wfIX553Qs,female,174.25,104.68644714355467,94.81964874267578,107.48404693603516
q-Kf4CuidPFk5_kK6wmkeYfRrU4pfRvIgdkDeUAS-bs,male,189.6,108.82852935791016,96.42058563232422,110.0840301513672
3FskBFDRe7Xu3ed4hAK1oKVSrvip7I2zWLoEJ_QfWGM,male,183.5,115.44876861572266,106.11711120605467,109.7812957763672
_K5muTPRIwizO66b3dVSwsue_HMFWKRbct0hGMlBfHU,female,165.2,106.9996566772461,88.61488342285156,111.06903076171876
ovnBSPqpMWFe7XvT7u5nWpfi6FqnMUN45JfWEPw5ieY,female,149.3,110.78826904296876,93.83786010742188,101.64894104003906
jG6426g_B-mAyUsLoyWqhgF7OOBGPUSjYZg4NXjuYlg,male,177.0,106.3159637451172,101.14238739013672,106.51154327392578
gUk_2kICkEADy9i8itZo5qQ5UaACL4vcexkA8s-cnzM,female,177.3,103.44192504882812,88.17579650878906,104.71063232421876
Tr9EBfdrAl5oDHRK1sNYpdXqj_CFjAL4kChmViUgVvQ,male,173.0,109.73265075683594,92.99600982666016,104.77237701416016
qg64n2zB1ne740AL2hZHPDEyZg-bZ-55iWscPgYh74o,male,187.75,114.5326690673828,99.59584045410156,110.09683990478516
HJgSywNiNKZPY048xDEr1Y5tGGATF6u-XsTas7G4AkM,female,159.8,98.78410339355467,91.3603515625,105.9868621826172
xoNAmboD80UChuSRkEHzXPFIkh5Fcg2iclcsYL3C01o,male,180.2,109.2936782836914,100.86797332763672,108.43836212158205
vk6NsCmopCC5j-Vi3Nb78pAEVsYNk6O2NkFueyEZyDs,male,164.75,112.12931823730467,108.04296112060548,103.6848602294922
opf_R-6m4iNqlLydoA2fqsvTWLcCUJAUaY0T8OQlZuc,male,172.0,108.77515411376952,101.13709259033205,103.52205657958984
PW8dOnlNQSNB1pH0OLBgp93-V6uCLs6ks9WS6Vg_2HA,male,168.0,105.95968627929688,101.36819458007812,110.12237548828124
qc3FfHbr8eUQpyG0rmJ-RY_9IBS_Y5HiPO6S5hmvdIY,female,158.5,98.93224334716795,81.38408660888672,104.85015869140624
nGpf1Fh-VHoyFqv87PtGf1hj-nrupvL6qdTafPpuTgU,male,183.0,111.41167449951172,102.22854614257812,105.03701782226562
uJfbAqPkg2Okh3LwSwVvQlZs4GIYC-RuCTgisPy4J6Q,male,165.0,105.6696548461914,99.48780059814452,100.96025848388672
wwRfbgJAoL-ClUneDMns80rl281NIQN8Vbg9gKbz68w,female,155.75,104.70439910888672,92.82962799072266,102.46634674072266
3mxoVpAOY5oJwWqK27jdkWeB-2wOJKm4zNTR1Utv3pw,male,177.5,109.37326049804688,103.1419906616211,102.42292022705078
mZ_PauayAxDb37B_M6Ztfwe1OCaxEISjEWn4byIMrYQ,male,179.0,108.11808776855467,105.0559539794922,110.39971923828124
QCS_XzowNPVZ6LaRgVS6VUwPbRWnZ8G6G8Jy4ABnbFs,female,155.4,104.99576568603516,94.9661865234375,102.67247772216795
sbQvj1s6jkDVhXgQ-r25lf6vvSl0TrHiz6OjVrWpd9g,female,175.0,103.54235076904295,89.83409881591797,112.07793426513672
3sB6D9ahz7CjOisVrAIJNqpEfD1lfw0Rb8mSijk1xc8,female,164.7,109.8245620727539,92.23451232910156,107.13188934326172
-c_G-UGrzClrDaGeYF9dAts4LHTS7ucdaBFDpn_sOE0,female,172.5,99.97396087646484,90.38313293457033,108.0689697265625
gaGMzDO-n92VMbVCqFxhJgMd59Jm5zyMLFbhKhT_3G0,male,176.2,111.86775207519533,99.66094207763672,101.57325744628906
Rb3Q0-p0ODVkC7J0Y-Ab6Hz1m-Zyhq_Oa51zsq5_AiI,male,167.0,106.54702758789062,98.6596221923828,110.41195678710938
D67omAA_zW-xRHauJVrY3pbpnOsfMQVGyw6MXw6BJ00,male,177.0,113.21478271484376,100.2874984741211,105.71656799316406
xiBzAG7Q6N9aw84ZIBPdKRaXxnpQWmIqPbNjkEfsuMI,male,185.5,109.54629516601562,94.41559600830078,108.5725555419922
TDhc1vcvsVwx-I9BuzL105aN-d8RWvn3vp549zbjSgc,male,175.0,107.32122802734376,96.02806854248048,106.69567108154295
3jsw1XBA_1g4boD4U4Y8XkO40__JV1d1uUT9j7YiX9A,male,184.5,109.22207641601562,98.0286636352539,106.75520324707033
EX2uDysebMMSHYDZ-DsEsQcZ6WlZps4W72fU0YRimXw,male,172.75,105.28441619873048,98.67091369628906,103.2768783569336
1O_1SXmeJeAIGAwsimF0FPABBDNeyt-g8sEjnzuFFm8,male,183.25,115.73747253417967,110.31468200683594,112.29450988769533
BTZCXKxodbga0YN6s0TRfWanSSuwHMGUk4lK1XQTDsM,male,188.0,117.91956329345705,100.3049545288086,107.37639617919922
vHjdwaRY5naOAXKux5fSUNFfUgRqIqfRUXY8v35nVaU,female,165.3,92.27375793457033,82.83063507080078,111.4338150024414
HfAv5nieC8ev9QiBBg_9Yql7wukmrR4qlsPwCKvkZyc,male,192.5,104.22368621826172,100.00592803955078,111.76583099365234
T7e25wwki0I_vszINgAJrfkfH2MTO1FLgHf0y3eokg4,male,180.5,110.86354064941406,96.68256378173828,109.79615020751952
97ZAAJ_g3JDh4dZyX4xLat2X0X3BxV45PynePYVq_yI,male,174.5,103.0256805419922,91.80211639404295,109.0420150756836
CWsXWbzlcZWuDV5IIDEaDHbnuu3RkVNWL-b6PfNcTww,male,184.0,108.76485443115234,96.04051971435548,106.44548797607422
NNvVzvXn13EFNgBJH5L-wp-YioymHGFolmYyJL3R01k,male,185.9,110.84481811523438,96.74845886230467,107.13824462890624
59bc2760681516389ccf4310,male,169.6,112.0917739868164,102.2978744506836,100.8705825805664
WSmLCYanBD88H3OW0ST0yj-TJHwWO7HApk-ZJX-A71E,male,179.5,109.94781494140624,97.67108154296876,106.80335235595705
59bc2765681516389ccf4510,female,154.9,106.93952178955078,97.91291809082033,110.0118408203125
7Xf_Pbh4kc7ugmPjUrw_RMa1lE1LldLC5UwK6EqFzdY,male,173.15,103.8765869140625,89.11727905273438,110.61849212646484
Mu1N5LbjXgT8Uo3YyCZQyaNuPv0xZXHaE16PInhyIi4,male,182.25,104.57394409179688,101.49139404296876,108.08106994628906
iVZJ9LLOQ63cM0IDdxu91zkaTJ0XhUPfIvP6pWpttcA,female,166.5,99.04557800292967,86.72439575195312,107.81818389892578
fXrC0KJ2PpFzE1H0FhCsgv10A-8lJGNewatmpT4y2p8,male,170.5,108.96124267578124,94.0169677734375,102.0086441040039
1URL293v7fRtwuqARugrJik3jCDPz73GZIcPzdhd56A,female,161.85,97.87828063964844,88.85763549804688,105.90386962890624
mXzX-SN8OC8EIWwSxv7P_JmQIr68tP1bgpx1EW04xNA,male,175.5,109.90839385986328,90.50572967529295,105.77286529541016
DG2gcnRT9376_LCvGbC18sj3awx9eam97m7hGIXnFZI,male,158.0,106.9893035888672,94.11803436279295,100.99861907958984
ERgXhIP8ECRfbjznIweOW0N1ebpTx-AcczTw2U1joqM,female,159.6,105.3221206665039,89.32150268554688,104.64216613769533
bIYd-jCYfbKxkqHlHXNsuCyscyetcLfFIq6bm1hcJrU,male,178.5,117.18741607666016,99.24706268310548,105.33218383789062
2Iurpmm5BrNx2U8gNfAS6ekexmbJdLh34ZvqfoQ1iKk,male,176.5,109.49373626708984,97.24747467041016,108.33096313476562
YmnKabDNETBQrZXEQj_XU089YldxO-iwR9fNSCDU9Ig,female,160.0,112.81751251220705,97.62643432617188,95.28668212890624
Z-8Kf8plKOeLHunn8BXCu8LVt1aS7oh04rmWR9-TimM,male,171.5,111.2454071044922,100.74881744384766,106.48409271240234
pgaplaTaTizCWwkyY-h3YOyc7DjT3EYcLoZ7Y-wKaR4,male,169.5,104.82633972167967,99.17341613769533,101.98228454589844
7ZwFOnlYH67Py8fGL0ex-hxRahg8d5Rrh2IFgI9tQyk,male,175.0,106.27330780029295,91.32757568359376,108.77919006347656
i5alF92czhmefg8Huuwf-PVqyc2K0YNqgyQNP4sKMPs,female,173.5,107.82345581054688,91.95996856689452,108.56330108642578
OOQDFUlKiJhPaGZZJT2DZho_zF3PUgznbuIKXXuZcts,male,171.5,104.98207092285156,104.46366119384766,105.02484893798828
5JaS2hAYXC2DN2pVXkPx9B-NfsTXYr5dcLdE7mBHs0Y,male,183.0,115.2672882080078,99.67971801757812,108.47039031982422
IMYB0pKXccbzfVl-qVe3NgiNYe8JtTigArh8EfOW-gk,male,183.0,108.25953674316406,92.59940338134766,108.00139617919922
ZPUhU1XBSYsCKMFjDPcIyP30HQG9zO6zU9OMp4peN_I,male,186.75,109.02103424072266,100.8345718383789,109.01638793945312
u1lneePh9BHam7nXq3UOqovz5yG5yp7Rtrw1iJd-R9o,male,192.5,104.8965301513672,102.55364227294922,112.32220458984376
QcyYsF0UTeV4WWk7qMtvs6QaTRvMuiW4mCCjXb3wL2Q,male,173.0,108.61155700683594,87.53746032714844,104.8572006225586
SoXRD34VppK94SA4pQ4frEtTDnoL0JHro9MzZmPSJfg,male,180.5,106.56688690185548,103.65301513671876,109.5748291015625
ff2l0wVduQecDKJ93xnEw-4iZAPEvERfvny-h7kmCIQ,male,178.0,111.48542022705078,95.62416076660156,107.61717224121094
k1ak5kJA8W_T3qmJJva8VQBsV4oCHmWFj_uaxq9zE9I,female,159.8,105.66807556152344,98.64327239990234,103.38433837890624
KIL2didw2nNdy66kJxKb6pXjzOtMfl8BG-bWtdlKy-k,male,175.5,105.39666748046876,92.1531219482422,107.63812255859376
VciGgAmp0kdjRlNdT5Rdysbj_YhowDsssmYFbiLuuTc,male,175.5,113.61884307861328,94.37727355957033,103.00697326660156
XogI1DmnfMrkWivE4-SbeIxbPeTbm5XhnCaR45EwPWA,male,182.5,111.36397552490234,98.15979766845705,104.56214141845705
CCHsOEZmSYbVoB3ecu47M09hpz0wKo9-Pm2qTUlzAJA,female,157.4,93.04376220703124,84.2005844116211,102.21559143066406
vyv9RXH_n0ECpHdz6y7XqIDfyU0zqZ-g3xweaBQUHoI,male,171.5,108.12178802490234,99.92218780517578,100.6925048828125
kOBRGSwc90LmUZQtflmOfNma8UNd25tNaz6gzFDO3Ls,male,175.0,111.98216247558594,95.83487701416016,105.42285919189452
k5LWbctDJYS1eaO_DTHL0-AZhtik4Xcs13GYVAXpj5s,female,159.0,107.47708892822266,92.22369384765624,103.10890197753906
oc2h59m5ItO-p044Geg0H9hF4F70AXkcfA-88K7Zh7A,male,170.0,104.52986145019533,99.87168884277344,104.2930908203125
r07mJnfLAzgEyz5m_Y10pk_bmMwES4T4UiAqeD8petY,male,163.5,108.29141998291016,102.24443817138672,102.47293853759766
_VOMJJoBpojhwpaLYWGDP6-nJ7byGx6ESNSn1vh_Xyk,female,164.75,105.34709167480467,93.8216323852539,103.98624420166016
Fkomw39WQwKtgdywx2IAbDRxGY4m0WaDoPdce714Y6s,male,183.25,108.95426177978516,93.28301239013672,106.64356231689452
aQi5H1JMXIQnBkyvEMYEDMKBcnEDIG87oSli0BVn0XQ,male,165.5,106.1171646118164,96.06800079345705,103.79522705078124
s4AP8XbPAce8ZoyzTFFkrlAfLcAQqQu_H2hmMfICdoE,male,176.0,107.36479949951172,100.4684066772461,108.05384063720705
zgG3ULK--fwWdzIzXGYheAzod3MxKp9Zsgke2_a3kq4,male,176.0,107.11416625976562,90.20124816894533,105.46707916259766
5a1eef5e9f17b800040cc789,male,172.25,83.2171630859375,76.56040954589844,87.47207641601562
ZpLFQK0XSU0y1zHRXiAKTadYQIaGhB3EjKLv_ByyZ8A,male,178.5,104.4767837524414,103.3766860961914,101.25018310546876
qlh6EoNuOlq4KifOwd7sb0yK_jvvb0iPEOngcregPcc,male,174.5,107.4876480102539,100.76878356933594,107.3312530517578
Dr6DJHkKjKrCyAcT1MDvaJbSbLoc6D7KwnqkUOxPat8,male,170.0,109.81940460205078,99.21551513671876,108.03762817382812
59bc276b681516389ccf478d,male,169.9,103.38660430908205,102.42407989501952,108.49655151367188
3dZa9Qrok4CEwlofhtZfnGIvGScjdKn30pM3f5U4nwI,male,197.0,112.66312408447266,103.45620727539062,113.73545837402344
HIVFr4flHT5mIj9iFPzrQHaYMNLObgz2cUmp3hd8Re4,female,162.5,105.62987518310548,94.35177612304688,107.5229721069336
rUi9LOZOzNvEIft3iJ1Upf8rNtLDXnwD18IAqudZ2aU,male,168.8,112.22335052490234,98.4819107055664,99.5276870727539
os8rca5LifuemvkzoB9-axuU67-vtctY_IUwtoC3oQY,female,175.85,109.73889923095705,98.35934448242188,108.0527572631836
wz-umYA1NHwsOVajgrrmL1RBo6f2Fx3FSVvr1KonBHA,male,166.1,107.32981872558594,92.5758056640625,102.90177154541016
l-gXZnHsBFmj5EGlgipMjF_8Mfbdh_tzYy30j5weOzc,male,185.25,112.24839782714844,98.66470336914062,108.50897216796876
wc_azdFhT2iyOCRehcDzjenKjCu6_V2YUqa2Ef0OyrU,male,172.0,106.2110824584961,99.286376953125,102.70841217041016
SZ8fMi9suHoMg8MZm5RigqiTy9G3tQGkYjSO_Tb-LMQ,male,177.5,108.4852066040039,92.71695709228516,105.42515563964844
WnZKFDS9gUiYrJqouYB06J9iuJMktVcAU08SLCFahuQ,female,160.6,109.86282348632812,90.66120147705078,101.158447265625
F0ta_j9i9j_AawISizXiS01QOOZR0RrVEQlyWhtkado,male,181.5,87.40808868408203,74.615478515625,90.0336685180664
UBZXwmfAzOn4BKFQbN0SuZdg3d_OGwPuM8VlsXhZ8F4,male,180.0,111.30309295654295,96.22227478027344,104.6170883178711
AR_VQJJ8t4DkdPQ-W-FXVWbnX-gzSCpFp_uR-L9oQck,male,164.5,113.35147857666016,103.20103454589844,101.59378051757812
uXi436Vjox-vnD9lTjC-PjqqrwtRzTOmhLa4bhkuljg,female,169.7,101.42341613769533,84.84050750732422,103.43688201904295
kudcSOvAnm6tS_fEp0t7nRXTS4beirgkhdIMB6YNHSo,female,164.7,104.39749908447266,90.8091049194336,102.15772247314452
VC5vjhYIXGp2eb-WoJztwd0prfmLEp5aCeLQQDfwn10,male,179.3,107.0631332397461,100.83626556396484,107.68869018554688
NTGz9mxeuZY_IFQNIw4t7t7mBvDUI4L_WFVzASO4gLk,male,174.5,105.38875579833984,93.83685302734376,103.74720001220705
U9zvsIGhLB99ZZ54-NosYTTsxb9HOdvgcAIR9Hd0Pxg,female,172.5,98.63135528564452,84.18650817871094,108.4599151611328
bTO9-q8-ZZ32ReA59kcI8FjaZ3tN5I8dQqG8oPjuvZE,male,176.0,106.69452667236328,99.10301208496094,106.28307342529295
HEEDRE5AM9MDyeb4hMuaRTlXH17-6skZ10r1QDi02BE,male,170.0,108.6212158203125,101.3397979736328,106.8287353515625
RgxA2NY_qUQsfbRylNa2EkHdu8oWMuR0BVjVSkCMw80,male,174.5,108.8515853881836,89.7335433959961,103.8383331298828
epRvNO5VxduN0Jq6Rmz08wIpJyFizXVYOM-7tFJTGOU,female,157.3,98.79669189453124,86.53641510009766,102.61788940429688
ZvtEAX6rEG_fc23M2kuC0pz8ogojlBROm732DrxiUr8,male,173.5,109.59635162353516,95.90261840820312,105.102783203125
e8lDA0HLFpkX9iGmxvFk-rGQdj-Hd2QK_C05x7Bff0E,male,183.4,107.55879974365234,100.91227722167967,109.7284164428711
9d25hpzM5Sy8yAUwZGwrN9NhmV1ZZjI_2YxfvF4A8YQ,female,152.4,100.9030990600586,87.28288269042969,100.86123657226562
AZ5hzYVEUK-ZTWjtXpLjwDTl6b-lRHEQQw1Be95nU28,male,183.1,111.69383239746094,103.42254638671876,111.7240753173828
76mo2dUguqyOIGL4bac3EyH7z3vFLMknog1q_Q5RMio,male,190.0,113.82222747802734,107.43441772460938,111.8626480102539
___N-yQ2K98VMoiVyAIsDEB-mM-r-eIaMuX0ihKxeyo,female,165.9,102.23240661621094,92.62762451171876,103.33674621582033
59bc2770681516389ccf494c,female,166.05,102.1802215576172,86.02031707763672,108.5886001586914
uhpH2ejZMnSrQig1lYQYnAR1oADqLRP4gk1gxc7uUVg,female,164.8,97.75100708007812,89.44953155517578,105.02352142333984
0lIFi-M7wr7XOQFsg7QCmllcLUYOTl7RDKmWT2sH38A,male,171.8,108.42538452148438,90.942138671875,102.67672729492188
Zgf8WSdMEq24B-CHM6QcJBTrlgGymtFYzrrU1UrzS70,male,170.5,108.45394897460938,99.23390197753906,105.8572998046875
1EDRp_apkqyIjHTghIXLzqX30_MDFtPqhAYeUyF2tL4,female,161.0,95.40482330322266,86.04528045654297,103.71168518066406
m_DzcHW_ROvQU3vvfw3fLwgO75zkB80mZj8paA3DUME,male,175.5,106.29965209960938,90.7742919921875,103.29827117919922
asvnnWHmuQD7uWcz24d8iuATkuH7HrdUgv9un6xmb8M,female,163.9,109.0575714111328,93.03685760498048,99.86264038085938
5a1c3bd3e7cb79000482763c,female,174.1,102.67850494384766,89.97222900390625,106.39356994628906
sUCS7u8WIN8oyROc76GB5lrMQKk-ihfjZysBJn0EG2M,male,187.5,106.56732177734376,96.11022186279295,105.963623046875
jrtkeqXLR65d5x4mh91pYX5oauB0Kp0BMjZwE6nwSWA,male,179.5,112.36959075927734,94.54417419433594,105.34993743896484
xMFmbjiky0uXbBCujAGXQHvXJz0nLCam1Ns4e2gC3eg,male,187.7,112.44324493408205,105.38851928710938,114.02997589111328
FW3V29y6wTEwo4nfLsQJW1RuwDi3A6e57J4q-wGcDt8,male,177.35,109.72974395751952,111.95654296875,104.09587097167967
croSqECZMhZcVQsRyX4yRDtyImfD-P7uDuvbaNo08hE,female,171.4,99.41997528076172,89.52365112304688,110.97914123535156
JnUI2MIoEjrYqQ1Iq8nNAmvqYVZrSYlKfxVcc1VtR8o,male,166.1,106.39422607421876,97.30374908447266,103.0851821899414
666XqDTQMo3UcLooGsFTiBeRhsqb6lpKPuWJ9NgeED4,male,182.5,104.29495239257812,97.74905395507812,109.5244369506836
jHGOnglb7tVQ1lpD405w8reX2c_i8g927RPa5t3dJgA,female,166.5,100.57321166992188,85.62140655517578,103.34040069580078
dJc_fihQr7TwgSFRKd-oLUEwjjCbkgWwNxRFTqqWw3M,male,178.0,108.7994613647461,95.61070251464844,104.76248931884766
5jRtkerX_S4OdzjiEwlCW0fFR9v7AclSRaXaHJLKEiM,female,156.1,94.1881866455078,83.0051498413086,104.13348388671876
59bc276c681516389ccf47c9,female,161.4,92.7847137451172,87.11224365234375,103.56280517578124
WxgF-VrsRPvUJAT1Zf4iKHupnntfcecT7lRCbzNWw3Q,female,178.0,101.80227661132812,92.24862670898438,105.83180236816406
8_NeFeMY4mHqhfRnmfSscbTTByzF7e5kO78ewuBIvtg,female,171.0,103.3664093017578,91.77918243408205,108.93805694580078
rn_dgos7KqrbFrABkiPVEAjWMn-tIOqu53KliC4yzus,male,171.2,105.53790283203124,94.73274230957033,103.98355102539062
_qSFk0Ytyn4HHumEZa7orwCzyckqE4t0LYeGipPzHGQ,male,177.55,108.12997436523438,100.2382354736328,106.07990264892578
yNUzyGgE8w454leAPUJyfK-QivWU01bhmGRzYivMA_0,female,161.5,98.45452117919922,80.1776123046875,101.14449310302734
6PfWDvaRgenkGUAas--RGWXyvQD0NGOwdXSFozOjOx4,male,179.0,107.28408813476562,93.70211791992188,107.76323699951172
BQeb8XcTMbJ-ovQPTW7X9JiwPUIW28lL8REJ9yjQtQI,male,171.0,109.26573181152344,101.730224609375,101.40371704101562
77csKdLCSitYlRyQ52C9fvGmti-1sM6a_BiioTn20n0,female,172.0,103.1866226196289,90.0947494506836,108.94772338867188
5a1f03069f17b800040cc7c0,male,180.1,111.95592498779295,102.48479461669922,105.48446655273438
C99I8XlVDb5hWLa_nVgvdpz3vd9Y715kFCrGD4NZls0,male,174.5,106.73050689697266,92.69800567626952,105.31554412841795
AQaWg3TKMsHldi2NRDqm2W6mtwmAyo-MNKnIYVt9Cjw,female,158.9,81.28012084960938,68.78086853027344,80.67623138427734
5IsuENU7QwftIF-Xu6ZQmn_xfRc2LVyd5V2-puckUkg,male,164.5,112.07605743408205,97.010009765625,102.7099151611328
qZXI0SfrYMQ8UCci1ry2-9K98F_CxJ8Pg67dqwe3a9E,male,170.0,106.23268127441406,97.16349792480467,102.18360900878906
ruUChlhWH6x7TjiSLy_KREcgFsU0wQEcCf25PKt10OA,male,181.5,111.2627944946289,102.22322082519533,108.0446319580078
M4CDQ5dw5yfMbxuejEOqxuSzEnV459VW5flcUAFQg2Q,female,156.4,99.8855209350586,80.68476867675781,104.3671646118164
iFpd5co3UXPjUAe6mbPsoFh9aAhq2rYS3p58myDMEPQ,female,152.75,103.09992218017578,86.22276306152344,103.0809326171875
FyDzLGOBeCwseB9Dgn8gPzMwe_rg1D9yl4kLk_JMwig,male,162.6,99.45771026611328,91.94271087646484,101.3712387084961
1WpL1xrpK6-DNwrAp8FakKOzGZLAZmeYw17ZmyaPF8w,male,174.0,107.36824798583984,100.65030670166016,106.16272735595705
32pIBnkblYOJm2Rl-OpwpqzwwEPu8CzdWHn1lLH4Pq8,male,167.0,102.21217346191406,91.30501556396484,99.0152816772461
4rLp86ErZXEGFqDlzaE7zpMB5EAFQ5C1CA_-OXzfMMg,male,170.75,103.93541717529295,93.64169311523438,105.20242309570312
szjnIheGm31ZBT1qQVdtNiD8j9DEbpXX49lUJGGoy70,female,155.0,92.3815460205078,86.4830551147461,108.3803482055664
MmRBl84BUdcDlTs0CEh8xV-h9eSBn5T8Tza1cLdxxdQ,male,170.0,104.50674438476562,89.62165069580078,101.40342712402344
YNozXLwjPy9Sdb5-zMK9U5XVCoQWjPM-HJT-pJAVCjM,female,164.5,101.61011505126952,91.84444427490234,108.65645599365234
IwQ97eHHgtniQoUQWUyD0qApLlUuFGOA85Nz9kag_1I,male,180.5,107.1919174194336,91.21598815917967,104.58633422851562
hybbM8CSpwClt-tvvDJrHNq3KB1fPpkISYRyqHnHny0,male,174.5,109.23673248291016,102.26300811767578,103.10009765625
VbArPJgfiazy--dHRifBZpNMtFsJ4sL_Yb5YGRMn70E,female,152.6,91.78042602539062,82.37077331542969,105.73387908935548
W_F3KSfslhBqdPufXu4utZpQzzYipDr0O7YAUGR3VS4,male,182.5,111.21096801757812,101.54863739013672,108.92405700683594
0LE2aj67f6O62tt6mzfTs8MDHtjuLkfVeCRgMRPRmfg,male,191.8,110.59176635742188,101.06328582763672,111.42025756835938
0y4e4KTgGq9H2hcWW9tEQ8bvwYYmAbKm8lVWlSg2l2s,male,166.75,109.36864471435548,90.23186492919922,101.47643280029295
0vRZm0dhtNM4orubmIwUF3jrQIrdfgT7muMh1MTc7JU,male,189.5,109.80859375,93.29143524169922,107.62317657470705
DPwt8F_vquY-OAHRNkzzFSswSXW12LaWFAzqeADFGFo,male,183.0,107.32569885253906,92.62149047851562,108.10710144042967
2SnpHngkOa7k7NIjwjyLFVIhGfi5f_4ibvBflvWlHTU,male,184.2,90.95502471923828,75.24459838867188,91.37252044677734
8TCRXvx9prqsOl9cPX3f4gD91SPZAVE66uNC6U3_4ME,male,174.5,108.80691528320312,102.18836212158205,107.02137756347656
bex37IMbrhQV1IpuDKpSyH_R2vyC2D2q97YN3GIr7Ow,male,174.0,107.3027801513672,94.6814956665039,106.7808074951172
QvECcBK0DBGDO8AfvTxS9NtMSJ8-kzMGM_rv7NeO3SU,male,172.0,105.14937591552734,90.19962310791016,100.67054748535156
TcEwxKJzyORPCfIGtbLyAakaUVieu5B21POby_KHJ9U,male,183.5,105.47306060791016,95.84496307373048,107.86724853515624
JQSZX02E8__NgMNlJ_18DT3yhCb5CfLnz_Q4LCunNcU,male,168.0,103.9313507080078,99.70670318603516,108.5041046142578
CPWboWZpCjaj7tkDaM2cpRavIrA3W0grLT6CLyvEo2Q,male,183.0,117.40167236328124,94.31871795654295,103.84465789794922
jZSnwhgdKrST_LKPrB_mkjQ15fZqihhPOuMmXtQPGlM,female,186.4,100.0125503540039,79.05138397216797,97.68807983398438
5wUPgA8JvIpwTirQOuB8m-lCcx1WzAlUEKu9OO3jpH8,male,193.0,110.2827606201172,94.20572662353516,107.67439270019533
MXUlhOjVoV_HNle6KaT8iuziR-K1aHdN0PVTxvjFiG4,male,166.4,104.77909088134766,84.14842987060547,96.70401000976562
NT9pVYCYjVJUv93rGE-RcIZ1SXERnAOVnaUgOW501eg,male,173.0,104.06861114501952,101.56963348388672,101.9938507080078
uOfQmgHgLvsAS6ox9WwBuVyGBbYap1_IrTCV6VWgsao,male,171.0,104.5676498413086,89.7637710571289,104.56681823730467
YvYK1i7nQjZwJgogdWxaua_UVKjXRw5cEpR12I3i3XQ,female,159.0,99.16512298583984,91.53141021728516,98.958251953125
vesmBd6hOemqIxjvfj8NGFOgFQK5hcE4IiD-ZtifN3A,male,175.35,104.58411407470705,96.53240966796876,105.21073150634766
59bc274f681516389ccf3d08,female,163.5,103.20985412597656,85.2437515258789,107.26795196533205
22ECz4XgvzzUy8vVo-peN9oEhJiOqZo3QwBBuIpNyqU,female,164.1,102.28885650634766,86.05390167236328,100.28044128417967
59bc2763681516389ccf447a,female,160.3,97.7189483642578,83.6630859375,105.0294952392578
cegx8Fn3pezIoR4wbP37mAbFvOYTTx4kZrcNnq73cDM,female,158.0,107.88814544677734,89.54072570800781,108.87926483154295
weWJRVmjDv_3bFVt1lnvOCUgMHld2PnPtKmuacm6ryI,male,178.0,103.3411636352539,94.9856414794922,104.9790267944336
kFQWHdudWw32Mboxwem7R_l1Ac7AfRDq8lXvnYA85hM,female,159.5,98.07247924804688,85.91905975341797,104.67070770263672
05QGDWJaVnG3hO2Zc44lxI6oajSeypzBye5n7HiDOyE,male,176.75,112.50951385498048,107.3368911743164,104.47759246826172
I_t_iHa3Pb9mihi3932MMvmki-Gs31ZOj0CiKO-Dw-Y,female,165.5,99.62749481201172,79.88236236572266,102.11570739746094
MtEI3iPNMiPKY5npP-NwXFGmNv4wL5fmJm_gz3w1gaM,male,177.5,110.07244110107422,101.1839828491211,105.25370025634766
nqv6bwK1uqNLONZs9FpR9thlIWuTS1qH6GJE7dMkFQg,male,189.0,117.74180603027344,96.33407592773438,103.84838104248048
Vf7Yx7KhVWQ4JpCSpF5g5eBpDiVa3guZqMhUyzJfvnA,female,160.5,95.30138397216795,84.77787017822266,103.05853271484376
xcfe_6tpoBQhft1CICK_W65_X7M06TELdwCdWN6mX30,male,179.3,105.67237854003906,92.46945190429688,105.376708984375
nVpOVrjB1lX9c-PX6KRkqdy4OFCNZVUXPMt0NrbfYcE,male,177.5,85.48541259765625,70.44599151611328,87.85272979736328
6OyrNhRxOPZhUfhgHqZ0C1ye467qSp5Y_SzQfTTZbm0,male,185.6,108.38289642333984,95.38400268554688,112.73524475097656
avnvzZqP3rqGl9DaZIZwQYzRVryZMGrNRvQkmsxyjTw,male,175.25,112.97679138183594,99.5510482788086,104.01199340820312
k882U8w3gMLFKWB3D9a3W5DsMBYXoCuZPXFJxIDU38w,male,181.9,108.69153594970705,103.41990661621094,110.32855987548828
foAXsyM76uW2KP7tYzPGq3CpbaAb0YYl-0ByjoGVKrA,male,193.4,112.7199249267578,88.94255065917969,107.42837524414062
D0eXN6wb19lyHGlE8OOTBR6Xn7qPtrQIW_vZqXHps2E,male,179.5,107.98341369628906,96.5818328857422,107.90713500976562
7on0Aq8zXDK44F64ewSKeu7qCBgj0BNwUKgIl7UlD6I,female,157.9,106.90237426757812,90.54930877685548,100.85328674316406
S9GE5Oya-CqVSz_DNHS-sQr_2CemlLY7amKdVrsk2e4,male,182.65,106.02802276611328,96.57709503173828,106.38068389892578
WzKj_ING7wAOgTVE1DtvzhKEd0flOChvV03k0uXF1kY,male,178.0,103.3372802734375,86.21586608886719,101.45191192626952
me6W9DDi6oFf_-XnSWBG6DodoIp9UmCyc4sX73d9NUk,female,157.0,102.24158477783205,87.6398696899414,105.50638580322266
nh_ZxN4DvGlwanngZgV37T3RcojuHQnZE11sWsIw6h8,male,171.5,105.87844848632812,99.79851531982422,104.5819091796875
rOQGLF0OBGELMkPJY-JjgIMCcUO2PYAMdhMRVi_kpBw,male,179.0,110.4384307861328,98.8573226928711,106.98177337646484
_UYFK5WvPa-P2sVlG6NW-1Y2qvu3qWvmiJerfsvEcuQ,female,167.2,99.77428436279295,94.53907012939452,103.3892822265625
d-D6hRvXeP68ivQLxyl4KmYSzEyzUS5qcqsxrfwl_4M,female,173.2,104.8930206298828,86.90426635742188,104.4716339111328
aLu6gFXmE9MOBg_BCBJk3IrcDewI4c1P2Nzs5jCcxHk,female,158.9,99.31714630126952,84.50631713867188,105.12850189208984
GdAL26FVkYc_vRMzKGgIyOJBR7pwxqyP1ucDJUvZruk,male,170.05,103.81531524658205,91.2081069946289,101.61378479003906
iiW5QiSF0xKXDec2Xb2K9oFXLrQz70LWXUs0LezwEFY,male,174.0,104.97760772705078,90.07069396972656,106.78672790527344
if8bNB7-hVwhguP4rJr4q3frJ--di4y6zogDzHXRY3k,male,172.0,104.46668243408205,97.45289611816406,101.72989654541016
i4DL4-DHZELmYD09WqN366geaJQCOSt1TeXKhCGeoH0,male,170.0,99.17546081542967,88.3890151977539,102.96109008789062
BFc5dG2exM2V9y2QL5ACK_YqmXrT6_LolirPXkZIJBE,male,186.6,91.7638931274414,82.74112701416016,94.16692352294922
6DygBssi3bh-0jbhhfaeZGOZwojzTtHGQW4mray-UaA,female,155.5,93.92449188232422,80.78095245361328,100.40258026123048
59bc2767681516389ccf45c0,male,152.5,98.56745910644533,85.74755859375,96.1119384765625
bKG2xwP1AuFbvdV60lDpmzX4eLm3aqfkBXsNxXa5pvY,female,168.65,95.3741226196289,83.82251739501953,107.42850494384766
ApDFanKIPc6JqHd_e9JRDA9_V-Th51KFbTd5PhChc2o,male,169.5,102.52159881591795,85.71455383300781,98.80885314941406
un8lHY8pzv7e8SOSo44QLNdPD_PcMp_hHnBEvkCNALg,female,168.4,105.33740997314452,89.74259948730469,105.11163330078124
AF_6MWdI2jDoTYURBGrWe2xm92IlwYc9HPU6jIybQDk,male,179.5,107.14407348632812,96.08296966552734,105.28215789794922
znV8NwKr-DTODq7msa0VSj5UNzp0auGG11oGWYIzWlo,male,152.5,97.6922836303711,85.96096801757812,96.5102767944336
1w7nIkCw-64YGiwLF-t2TG5W0gw4m_--U4AGmk8epi0,male,179.05,106.46698760986328,93.48493957519533,102.87213134765624
_Zl7SW6NXxa8ZF6BALiIQsWPGrAHlI7HP-jlNJJgMDs,female,183.5,92.97532653808594,86.4028549194336,107.031005859375
1wnLRnKeD8J_SZqoNj8SaPzM4QHxSYwdhIuPtXyMFfw,male,178.0,107.3228759765625,93.08509826660156,105.86248016357422
UsHxK4GM1sZ4DfjJJoR4coooeTeEHL9c9wv6eapiPmQ,male,172.0,108.79510498046876,96.63407135009766,104.54923248291016
rb3jDSFUBedt6RwCFpsqYMWbUev_VfQHdsgl53MsB-s,male,175.5,107.95307159423828,91.32630920410156,102.1934051513672
oHv-WsmLya2pGjXGy7Mwj9Zcw_Wh1D7VjiZDysIuTL4,male,186.2,104.7288589477539,98.59308624267578,108.24613189697266
TW6ZaAGWau_uKoWlAo0V68CkLwuOtK7LynFsYNKLZNo,male,190.5,112.18412017822266,104.20904541015624,109.68788146972656
n0KH7rUQ0xDsKC2jKU1jnzAUJkk2qOWyDQP0EJFd6-k,male,175.0,110.54691314697266,99.2156753540039,102.8480987548828
WhU8VaDLnxRm1FAXSFk_z3b00WFeaxuraFMJ6fn9w48,male,171.0,103.72644805908205,96.05814361572266,107.13803100585938
RK5u73TC2KMl2qXLHIRhgKpCbt9AOfntD0lnBYWCxQo,male,188.0,104.37118530273438,96.6959991455078,107.11769104003906
dfAi3WWpAhDCTklcMbrId_SBtZBCRCiJz-E2GUW5kbU,male,174.5,106.67540740966795,99.81414031982422,106.10041046142578
QeM2XorlxNq4QlazMs-7rhh0gSmxLTaOiQHR6S0dxxA,female,168.0,104.7918701171875,89.16854858398438,99.62574768066406
AVuZ9mUs33ut1kxRBTAy5aqL5sjjBnIieerhQKSVEN4,female,162.5,95.3526382446289,85.39724731445312,110.25212097167967
aZWLWFUx4uySFGQJReSn05sW29GSinEAuFl5IoqieDo,male,172.0,104.30658721923828,88.8619613647461,105.97864532470705
IobbStbutxAR7KpE4p6lisXd64G60dx3H9W1Wa4_8I0,female,162.6,101.47340393066406,86.541015625,99.79615020751952
ltfgjZ159mAtD6e8s-nXozz-iUWaVDJ0WrHt8ogs4aM,female,158.0,99.20124053955078,88.1695327758789,101.42153930664062
ZiMMtSacpQgQIoioAnwWWaVRYuiFo1DJmxIHJNzHTow,female,162.5,100.7528076171875,87.35604095458984,103.56326293945312
_h3NxZ4o4i7TmT1GAu3-DlhEa6rVb2VQa_sOWklmwgg,male,183.0,109.2320327758789,95.51382446289062,106.61258697509766
n4BK7cRJclRIbsDzzYnvMCsuAwJrnvrM8RS8dgUrkyQ,male,188.7,107.78978729248048,93.46137237548828,110.7652359008789
0x-RaRStbYT1TxaqugxFubx4wwvvxaS4S4RXnEdxy24,male,170.0,104.24854278564452,95.21810150146484,103.77912139892578
VcmahEYVpQrUE-nues0J-16TIGPVG1bCIpDG8YOLRSI,female,157.3,89.75838470458984,78.4963607788086,103.83753204345705
3jiT5VXoF7XsjFrpxd7yjRdPORLXRC9yl-frqqzegzU,male,185.0,109.07733917236328,92.96918487548828,106.47230529785156
WHORlP5ldqUSBwo1nrbHrtxQReTE1yMNz9uZg49y-H8,male,170.6,106.53641510009766,97.17698669433594,101.2859115600586
tibhUXl23UjFiLcOCFF99gGi_lX0XzBwAGIwDOE6Pt8,male,180.5,107.93325805664062,93.60712432861328,101.43507385253906
cqGsjHQXbJ1x_kF1tBkpOIAet5Re-zBmMsy4uLVhAHo,male,174.5,107.60971069335938,97.00432586669922,107.37360382080078
kgpXTC6Xsq50_lio5aem8f1QeSKqK_A9n0inA-1A8B0,female,169.8,97.63617706298828,84.33988952636719,103.45027160644533
8V2XqdbUy-kI5tyySGrKNQU9XbQ8KoL20g3rt2vNSN4,male,175.0,110.5612564086914,98.95051574707033,104.665283203125
BKcAmykBFFMpHkcQ-KJDzk6tPQ3ZsodfDxly726gHlg,male,179.9,115.75434112548828,99.97686767578124,100.6409149169922
BaRhVKbybxHkz7yGjtb8pPddlUs8O9qoQlvhJ-aVy6w,male,181.0,100.5358657836914,82.72561645507812,106.20198822021484
ubVAitnCo_I9HO37k8svKgawcY__4zv3ELSGh0ktRL0,male,179.4,106.0658187866211,102.7880630493164,110.95349884033205
18UYtlOrWXTtl9rdyTZn15jBQQas9SHzofFmCJwC3Xw,female,159.0,97.53553009033205,84.64244842529297,103.42962646484376
THEwqU40js1n9THdzHKyVX6jgnrohfzOOWqALF-UYFA,female,159.75,101.78207397460938,81.71566772460938,100.2818832397461
azlJZ02N1pu_ft2SXlHSyrLOu3BXofPu2BsKi-6HRe8,male,170.75,107.80758666992188,104.2469253540039,103.25270080566406
9REhywajso9jyHbIAggzDH4bfnCeoPS41C1DjrPDkb0,male,176.7,108.78366088867188,96.40261840820312,104.2079086303711
Oou9zXqnLOriTu0LP3ndMcnjJTQb2i5674RjAxO-t7I,female,153.5,93.8391342163086,85.97557067871094,96.82373809814452
3dexwlFNR0_Q_g3P3X6qYvlJDqalSsaRUSW0Gb9ARxM,male,172.7,110.75080871582033,105.71178436279295,105.35796356201172
-sHYg3xM3uHrzxlrZ2to6JCRvfCROFtdR8BoEarbu0Y,female,175.4,102.1435546875,93.0442352294922,106.52654266357422
5Tn7zQrKtW7V0DAU-3OJp5g3Rxq5NWe7hID64A-vgYA,male,174.2,102.8729248046875,93.12432098388672,101.69622039794922
bt83HhrkEtECc5zsfh3QLofyfGKlq3pMdRJAASFAkP4,male,166.25,101.95349884033205,94.90524291992188,100.02385711669922
vWFlbLfTUjToEddPoRHL53oszliCsgJnRA3DrfUfNZo,male,184.5,107.08959197998048,92.46844482421876,104.18448638916016
AWTr9jz168GTtnjbrdysCTk07lCDRKt7xoyPExsYJbk,female,160.75,103.42245483398438,92.19454193115234,101.76587677001952
C4lhsTVb9LE9gZst01WWtbVCB6yRT6AIZlzghAXpFaQ,female,155.0,100.21141052246094,84.88188171386719,98.72815704345705
YyjnHZS606s2dZorhsH75c7VXJCLRZj-cB-4GLn9X90,female,165.2,96.45681762695312,86.7968978881836,100.10238647460938
1wP6j4QiFLHGuLAm_s4df3xbuRn7c6TAX_N415huzDg,female,175.0,102.9622039794922,95.1157455444336,104.43807983398438
rtGBTi9ZE83FssWFBZJvFi5v52WDBjqIzHJqfhYaDRM,male,156.0,102.03687286376952,91.3398895263672,102.39065551757812
mnuSQko5b3nfT6pXHFHQCfqFEfgbT-1Ejvb3Ywt_Gxs,male,182.0,104.9866943359375,88.41547393798828,100.23670959472656
loDW8BPQvxL-u20OmdRtorKTBUD3qagDBzTDsJvnZTs,female,169.4,93.17164611816406,86.45857238769531,108.13265991210938
tb08T2fxSToJ6i-7Xh8ezs1aDkWoYFOOSqqI7AVSUQU,female,146.2,103.55178833007812,88.18578338623047,98.48616027832033
wfK9NCsWMRzQ9jWY63Sm2F3GCV3420MkC2-UolPBAR4,male,175.0,103.5059814453125,103.1053695678711,105.87541198730467
8ZfHrEcyQrHW0VUJE_PbKKjIQdV5SEBKuGczczf3QzE,male,178.0,112.39215087890624,102.1706771850586,103.02764892578124
i1m42dBATWv5brrfK1nzbEo4BlF7jkYn1vIrHFfE78U,male,186.3,110.41645050048828,99.0311279296875,105.48527526855467
4xR1BQMUliASz5DzVmk8q0l4OJQgvQQWttCNSDAxQK4,male,170.0,107.22925567626952,98.36771392822266,104.79119110107422
GUs7AZWemh8euI1tdR7BnHQ3M_zQO-TpuTXgcj2YENY,female,165.5,103.12958526611328,85.2117691040039,108.94181823730467
YFiBSxT698Q22i9C09EjlFp3LZMxGLDdGWP5Hb_2E2s,male,189.0,109.46702575683594,104.04573822021484,111.33411407470705
mv17v5Yut6vxJ99d7SMo7-yJ5OG02y9QWcAUvlYwN9A,male,173.0,110.22612762451172,101.03658294677734,100.04151916503906
_8Xwb8m26YfSLXyT3W3ktgvdeUz2ecTolNqd6uZhCQ0,male,183.5,108.07440948486328,96.9432373046875,107.39117431640624
no9mEnb8NFxLiMBVByg8fUEehgDTcxNt4M7NPIi_gVw,female,166.55,95.59667205810548,83.50552368164062,104.50589752197266
WVAT8JT-hegMDjWoKRevML3YbI7mDVtSXlQB0J3ec70,male,176.5,107.2886734008789,101.18326568603516,103.38972473144533
WpGCuir1SZ-mwFiDAsTdaB-71ihtRn5pHJ3Xt9Iifi4,female,168.9,90.54212188720705,86.47073364257812,106.98885345458984
rzu2ZrU0Un51iqokosFv06qyd8NnxkFc2PtpHTqQmOU,male,166.5,104.45137786865234,97.85929107666016,100.3551788330078
_u7Z0BwCME_s7MeKU31grc_GKZakyHju8ixEzhKNvDE,male,180.15,104.51740264892578,100.86604309082033,104.28968048095705
Hkq_WsP5mOrOVNRaYJLjlNihpJ00fORUWuN3zSwUm-o,male,181.5,105.67610168457033,94.2937469482422,105.63909149169922
FtkKahQT8PBxplm9wrVH-dSoQTvozlx_jTfWxbcWQnA,female,172.0,100.7148666381836,84.35548400878906,105.39508819580078
olebiZEFHBIYnjmdGYj2D11Xweg7woG3LoXZ3xeSfIA,female,164.4,100.46166229248048,86.78289794921875,101.02974700927734
gYUig33g91bGHlDv7hMbbsZaExw64mAP4JziIM_kX2Y,male,182.0,111.3914794921875,100.09796905517578,108.55365753173828
ebP8gLwO1dYeohE2_RA3GKGiJLLPFp6M7Ly_YH2ndJc,male,182.5,94.1460952758789,80.6439208984375,94.23578643798828
jHEARYzMUa9wBdlLcqTJsR05fs8ZnjljE8uwldMt1UU,male,184.75,106.72332000732422,95.13099670410156,104.3946762084961
WfEyscr3BgX5veF7fb5Mj0lfu6YSDsZGL3GwPMuVyQw,female,153.0,99.30197143554688,88.72271728515625,102.53685760498048
M9VAAnHg45vZQEy5PFtkbS_mlS0KKYpuUVM_rbe3jXA,male,182.0,109.96044158935548,96.17749786376952,103.99134826660156
CPLbY6ZD-pyFOqduSW9IFPmHCFn5PSATTg3653t9Dbw,female,169.5,95.20775604248048,85.65216827392578,105.69129943847656
_LTk-GvAMkoOAvMETPr_kc7Yn_IwlKCobBCXFW3NxSo,female,158.0,93.49769592285156,86.47998809814453,99.8095703125
H5bknoN0C0lLje6-NMuSk0boQrWDmbQjhK9OdFBs65c,female,150.0,100.5774917602539,87.4696273803711,97.1091766357422
1dEksCPtmvHdXrxX4eFMK4g6U1mVMc1Jln7Xmw4Mhl4,male,170.0,107.89895629882812,91.6111068725586,102.68606567382812
qxaAxeRsvyxj304VJr5dNo6GRTvgg9Bdp_kozDvu6o8,male,168.0,103.95825958251952,80.89871215820312,101.5438461303711
mOF2Iw3AQtVD-ztvPCXD16TRq_eNshWti4w2kxpGzuo,male,179.5,100.48324584960938,94.84789276123048,107.54019165039062
8Q7D5dDdthAM7BK240hEoUVK5Pt2vt4sAYCjNn3e5i8,female,157.0,89.7839584350586,83.13402557373047,100.8536605834961
qO2JJJ3Ee8e_vihSLCUd_lLPfQfBkBsw3tFVMmy94MI,female,162.4,91.28643798828124,84.1904067993164,103.57151794433594
E7nVTJrt4u_NE0ng5HgEB-JnAxOzuZvzYqwUfliS1Yk,female,159.0,97.12638854980467,85.95560455322266,107.08112335205078
w76W76Ab73IGN31Vw6kDRj-8VR_KOJsTO-UW1jFFRZM,female,163.7,100.02742004394533,84.4869384765625,100.65333557128906
fzWAV3k0x3JqWMieJthp9mwOPXafwkry2mpHJZ6pk70,male,181.5,104.24016571044922,102.39828491210938,104.27011108398438
bMHM7SdGME-vAeg4QMc9bvY3jgg3t360D0VHzjHE3jI,male,175.5,114.39009857177734,86.46250915527344,102.34954833984376
OAbrCqaAW3pJE5CZ4IQFZbVuacN5J6rhE7eBJqme8HA,female,172.0,113.78630065917967,96.16658782958984,112.37950897216795
a_a3ejfYizcRKWqDSs54iUVtKnYhGq2gywiOGeCSr8A,male,172.5,111.5116195678711,95.37167358398438,103.53882598876952
iGQZ89E77m1umT-jDsz6zAS5T6qSB8b8acq6YsHFfeg,male,182.0,106.69902801513672,97.75189971923828,106.15406799316406
wtG3VS1hbhCZ1uA_tfz0jjFmWwxHJlmT38Kf-6if8kM,male,178.0,106.99261474609376,99.49634552001952,103.44630432128906
MRRpwL1LnxGuSlgB75qZkvbiwBOg7an478NWRRJhFZg,female,164.6,100.43093872070312,82.37764739990234,101.64681243896484
uBAsKRfRm5MXsOWXJqfSC1WAeKWdaj0Oo6x4F_eWJbo,male,181.3,106.55364990234376,96.7603530883789,104.7648468017578
lYIW_RGcYd5D7RCfzAn0ZadwEJnbSCD8p-_uq8W4-8Q,female,164.4,100.28182220458984,90.40519714355467,108.90326690673828
bzAAtfEYTvcUwHDx_a0yjF5OQfTSli80mnRsIYujCns,female,161.0,98.32659912109376,83.8681640625,103.35070037841795
9XOBx08BW9pET4ZXxgXqQtDDuEo5bdVjbEiOOJqJ4_A,female,163.0,100.20600128173828,83.11992645263672,97.75823211669922
JcG4QthnKpr52tuEa9H_hlFSHDIe03EW93l-5RLsv4E,male,166.25,108.34290313720705,96.58065795898438,101.98542785644533
LhpKk8JN769XdQ3ri6vIcmu9Uu2zEIgxyqbrDnHLQD4,female,159.1,97.2365951538086,82.66780853271484,102.10308074951172
8lrTWVmtwtJGPW_DSzp4TFHjNcFRAs7IJczSOvygXpI,female,156.0,94.95046997070312,89.92481994628906,99.48663330078124
OXlS2SZWh3sRr98QBvGxTZKQBDa5h0TQOcSKd00noQ0,male,173.5,88.01648712158203,73.71611785888672,92.7546615600586
T5qOIIFa4FfGskIBVM5n3NdjF0HG7GMhg8i-xyq7wcY,male,167.0,105.0616683959961,90.49847412109376,100.41362762451172
k_ALk387TjLFRupaBKTlXxUjpZ-78TijOn7Y3Z_7BVQ,male,174.5,105.7750473022461,101.05384826660156,102.2919692993164
Po01HpDqWRcl6Y8hblHM1rATImORptJPZ4SeIfk_UjE,male,182.4,107.34344482421876,88.47019958496094,103.30947875976562
YS5aGZA0BXTamVHrllyaxu1KEQY8N3OSp5T7T4SMRvA,male,182.0,106.83084106445312,92.73827362060548,100.5994873046875
WqLeG39SwFanNS47fW7V8DfBEODEH6TXt0eU7eGJiCs,male,163.75,84.06985473632812,67.05375671386719,84.93444061279297
Hkc5qj2g1SaGLJ82HJpSaojJKyhdF-XXeNxUq0hMZrM,male,175.5,102.7968292236328,99.01676177978516,103.1359405517578
E8WLBaYIqWR3uHCUsVekRY8KnMNDj7SB51vc-YQ0M-A,male,175.0,89.35430908203125,73.24530029296875,92.36314392089844
GcZhyDSNbtxmLBhHArlnq9FFr5ZheFVWdHOuOCSmcEQ,female,151.1,103.8027114868164,93.03063201904295,97.29511260986328
B_HmsIJRHhy2Nz0cI3egjmWuu1BAEsxE__E_yjjxaXg,female,180.2,100.13675689697266,91.61695098876952,104.12857055664062
qYlb2EfOLZbw-sluXUOq5gcJJqpWXrFDdguVbtfB6Z0,male,180.5,110.19400024414062,95.66002655029295,101.90033721923828
R4S5zQac3r9UwZ_mkT3I2J0p1Y842bOqrn8bjy7pbYs,male,165.4,107.44625091552734,105.36058807373048,100.52294921875
n0yOtw6cF3IUIEvaR2AhQHWDOeeF7ZRxRTaGIh8Osj4,male,170.5,108.20533752441406,94.91181182861328,101.80111694335938
6EfPJh7fgmLut392y-qHjFx3U4_cr7FzqXv9xXBfIn0,male,179.5,106.29932403564452,90.49810791015624,103.5701904296875
F62bkPo2vAFFkdRq_QK_2Vez9YTohUvOij_OAnI7Ysk,female,161.5,96.30078887939452,88.20025634765625,101.38221740722656
Wd8nygvDtDRTxX3Jom1rKIp_h31fMc-Yo7UueR_elsk,female,163.0,100.6206283569336,86.61711883544922,102.52794647216795
ixUxwoOqsP_X2vyVERFWgsytvW-LnVNKzsGH0qyqMIs,male,167.5,105.20207214355467,100.03946685791016,100.76587677001952
p9UBBzONdLw1-ebQJIVkn4mDOHLN0qQx1RnWnqksvu4,female,164.5,100.9776840209961,78.38139343261719,103.26537322998048
m70ndgfKAM_jHaYlk3InxW-JioR7M7Jrv51fu-wGer4,male,165.25,101.15798950195312,84.24069213867188,102.69728088378906
uiYjbCk669ecxx2gO_QOYEwq_tM2ysdwnJYC6LCPHws,male,170.0,103.15885925292967,95.57450103759766,105.63784790039062
yQJHEnCXuh-Rkejoihhlb5cQH_Px67F8YR5GqeEs2Sw,male,169.0,103.1612777709961,92.975341796875,103.8343276977539
ylydQRqBfuQBAQhD2gWLuWSASwd-yNHmeB7ptrhMz5k,female,161.25,100.443115234375,93.28805541992188,100.40463256835938
-ENkfo777FGDxVRXMHmkujRtZle23u0_smgNc2pQuUY,female,162.0,94.17327880859376,85.31018829345703,102.333740234375
ZBQJg_JdaSMt2lMru1d1MZNNA1waMUIEbPppFScmQlQ,male,172.5,107.45613098144533,86.87273406982422,102.82795715332033
Za9rREo_EA88y7nYcGcRqxlKo8Xpkiie0Raizdbntk0,male,185.9,108.37381744384766,90.13775634765624,106.43000793457033
D5MgCWoXZKaws5pwM3efCY4J9t83gTcdmS5xWrTg-y0,male,171.5,110.3077621459961,99.85203552246094,101.62784576416016
kxH9CwuvoCoy93lDhjDtkA6vwDpKxRo1t6KirECKe5k,male,184.5,110.7925033569336,87.59022521972656,103.31786346435548
C_1f3G-Fy_rRM0SHkTaT_pe2C-1nph4BWwNGS3MueH4,female,173.0,99.81402587890624,87.09044647216797,104.338134765625
q9BBi3lldQ6SpNgO0ZLVR1HF0zJ02OowzMoPc03_sAM,male,180.0,109.53826141357422,102.8485336303711,110.00687408447266
ZfLObk9jzT5gMkUV1M-Y0HFBX54iXkwgIj25CYL_B20,male,172.0,106.89391326904295,99.1341552734375,97.5527801513672
6j-1bjbi494bwHvPS-8bNxkoPOhhRy0Tqby9uXPco5Q,male,170.6,107.80435180664062,93.55574798583984,98.84960174560548
b8QMVZASbEi0rhVc6keOvzhxxr-kWjjm6k2WH7f9jVI,male,179.1,106.79649353027344,95.3606414794922,106.62894439697266
K_XRjXOCXSNFbOi6A27GCI9PJMJSmSMRfacbG6YGYtg,male,166.5,103.6691665649414,93.26741790771484,100.2671356201172
hiLbPtVcyMMB3zUdzjdhu-M78PXMUByh506hkZpqzgY,male,175.0,105.71250915527344,98.8581314086914,101.81891632080078
alqJXcX3mknvjkZRqUwW2rl3GtU0acNIHRLdJ5HpROg,female,157.6,78.84310150146484,66.50950622558594,80.827392578125
SBAJJtSt30mW6d7I0tcNAfCArXRNzOABCb1TY4qq9N4,male,168.0,103.76153564453124,101.31901550292967,98.47738647460938
LIZFonGXPE6zHm2vvXFEn-7NojsZnLo5XQxnYr1eG9c,female,179.1,102.6942901611328,88.93531799316406,104.67619323730467
R2dKfCDJQHFZH_8b0YP1p0k_uYowFNx37BmijYalB7M,female,154.0,92.01200103759766,76.77404022216797,101.23907470703124
jpgaGazUIlQUQgPVb9GkoI4MehoxzzBuqz8lg4qIKjs,male,171.1,109.19002532958984,98.00312042236328,102.2487564086914
zD8Kt_2XqRhXRFHZpvkIk57EYMtTCLWPALjAbFIKfo4,male,173.0,111.90782165527344,98.52312469482422,99.21180725097656
nPHamFdUaSXyGPPAPw-ILDnnHjvnHkP-T5IiOOC0Q_k,male,184.0,111.69512176513672,100.6743392944336,105.9801025390625
eGqpwq4C8Q0UwSePXwyWeFMs3EPklDWH9OahJW7YafY,male,174.0,102.37118530273438,98.01119232177734,106.73737335205078
HM63rotbsur7xcwJYFHaZnmt1PXSXKkHARPRsNMcLXM,male,172.4,103.14012145996094,90.78797149658205,99.4872817993164
Ivrs8ftoE3vUVDxW8ck98It03rOa_Dv5WI2KKizXFVs,female,157.0,101.43310546875,91.93268585205078,101.5546875
C2pXz4i3cHo17Qg0CiDg0JrK1Gex-MV08Vl3C2d6h4k,male,174.25,108.57325744628906,96.63587951660156,104.69586944580078
jnqncBOcs5waiY4OSoenSOGEQFHVoxdQNVbP4Hu1d3g,male,173.0,104.76898956298828,93.4533233642578,104.8136749267578
rqtGE9A1rD3A4SmA9Yqwi30ipbXcpspJpBDoRyiBUR0,female,170.5,100.98410034179688,81.961181640625,99.85535430908205
1FlMko83MyFjTP3omeOx1W4681uhSXnoRR3033NvgIQ,male,169.0,99.97151184082033,92.45298767089844,103.56049346923828
akyAS_GhX2cXENx2vaAIO6YpIbz0uleQzFh63PFBN58,female,168.5,83.9004135131836,69.2318115234375,85.57371520996094
xKwQ25X_cBlo4v_7JJoYN9jWSY-MyA4C9QMM5xviELs,male,187.0,107.2869644165039,95.96068572998048,106.48694610595705
WfGr_MS0K0pPWOJNdTxvWHVyCEhHJ3ZPNJ9W8wfCuAI,male,186.0,102.68953704833984,88.91085815429688,104.1918716430664
o4H4g9fCPDr3Xo2y94JrLOdXILEkFoThmXshoJIlXNA,male,177.0,109.27447509765624,87.6939697265625,104.12503814697266
59bc276a681516389ccf4702,male,184.0,108.34180450439452,97.15729522705078,106.66824340820312
Jl7P3QEvzUYthLKj4GKVLYxq4aeEPTe7gpr9L9XksqI,female,156.5,93.47154235839844,86.11849212646484,103.56522369384766
q68ers8KpX1SPgX0jbGF-cK0SOLGfikQ_tJlyhVGO_Y,female,154.0,95.91096496582033,85.18321228027344,96.86597442626952
GpkhlpuszLjuM1kxQYLm1dTntansHENN0m19dOGMrZE,female,158.2,99.17255401611328,86.6961441040039,97.7531280517578
olb1KgewwcknV3nvvfqj3tJrItnXb0boVYwQGAC6dAI,male,177.0,104.57537078857422,91.42877197265624,101.97053527832033
ASEvBkXrwsRq1uGPl2JEewV2FIl0v-eKHpgxNjek2Xk,male,177.0,104.77157592773438,89.31201934814453,104.28358459472656
mPEeKV6ayBP8AZEpSrOlZH52Y5hGFzTp28UEVFaivvc,male,179.75,101.62619018554688,93.5964126586914,107.34598541259766
NVE9XUtowWXyTkBoYYC2zJkcJKp8Mwf2QbGc9D5CDGw,male,171.0,99.3056182861328,97.12374114990234,101.55078125
3IuFMuxOGgrsnMzvxLln5FuovY0dDmgrEjYVS478NbI,female,170.5,97.17745971679688,88.81378936767578,105.33390045166016
2WFZf0LKl0M1kOXccb_Yj4jpwvNPuOzVKrIwHVC795M,male,174.5,105.9274673461914,96.5586929321289,100.89250183105467
59bc276a681516389ccf4711,female,166.1,90.22718048095705,80.92436218261719,102.25675964355467
YGcZ3h3vEPJuVKDUTJ5H3JOD0o7baVKmYJC6y1TpMto,male,152.5,100.30376434326172,88.73451232910156,97.66256713867188
kyz1oqvKhlrRuTU_bXVI1qgTBQkB6FqPDJLRCm7WysU,female,184.2,106.46385955810548,91.34332275390624,104.51976013183594
taHC-Pu6QIN7Hwnm8L-LKUT1djCbnSzOxBA9OiofoDA,male,171.0,86.7563705444336,71.99518585205078,87.5765151977539
Xs1k95LUvS_o-PlyPIppzxN6t_qt3oPuTjBvwInL9hA,male,171.5,108.8638153076172,96.7541046142578,102.81319427490234
Orbyk3iPXYvSdz9sJJC_no7TvLkGljXwfgP7phGtk0I,male,181.4,105.02164459228516,92.59880828857422,102.43789672851562
uLc90kNvde_PqSGhEhwm7s-hpzM4y8fj5cu2OcSZxIM,male,179.0,104.80998229980467,93.20672607421876,105.00452423095705
HIC3Qs6HRI8zNC-w8L_G9cUrLk7ZyViJ_CbJ7D_pwYk,male,187.25,109.29827117919922,109.86955261230467,104.1189193725586
oP_caYV94VClEmcKqdXPcwfMeQYmYdeW5LbFijNGoDE,male,167.0,106.15216064453124,90.36792755126952,100.5263671875
Lj94Dw3tjHhOcMKc7jYuqh4pxx6aGWI_BJ06yNf_IxI,male,178.25,110.93797302246094,97.1448211669922,101.96851348876952
cts6sjxMJvpX1LXTK5l0orU4IVjqzFjaYIeAchvtqn0,male,166.5,103.3759765625,96.87327575683594,104.35028076171876
VoN45rmK1MdMFGVMbMMY5sS5AZxznZl1BFput-G8gdQ,male,181.0,106.2218017578125,86.95486450195312,101.9453582763672
cpO6yRB1L2n-PLWT8a8Dlx1fTqWZw-KVtRFn1lkoYHk,female,152.0,96.26769256591795,81.92454528808594,91.88372039794922
cbi5o8uB6vm_EucKeEnWr7tLbEpxDuXkedWMJRE8bVs,male,160.5,107.10484313964844,93.09552764892578,101.93709564208984
SiuORojzbHGW8rsuEbvKA_geBv_0RAciTzfgntReouU,male,176.75,107.04678344726562,94.49225616455078,105.14028930664062
WiSXmPXCqXdb6gVTtmwgDi4_tWZ4pOJw9ueu5aVA824,male,169.0,109.38903045654295,87.69734954833984,97.3708724975586
vdvTDSjhRKHZHLUlzHJioKgrnnNDEyfmvq1ao3LurbA,male,176.5,103.44173431396484,95.07637786865234,104.93772888183594
9gXNSs0fKryeE1p3HbJYSkH_gv_ipvySjQrz90dRHN0,male,178.0,109.80168914794922,87.10306549072266,103.27432250976562
51HidTEgPHaEqb36iJpyrH8_lPnUIXZYtl-DuWSj_4g,male,174.5,99.76354217529295,84.99790954589844,102.34712982177734
BWyBQ-edyHyT2dvptC8hXDEVUelbmFW3KQdWMldEqTo,male,168.5,103.13153076171876,80.72730255126953,98.25358581542967
JOSOCIcE1LYHt9ifJhWLxEDauQpJHyLkMfHJcOt5Kvc,male,181.0,97.16077423095705,87.27913665771484,103.44261932373048
RgHFQC0AYP9O4OaJAasa1xVK6RznfIPHAI0nmCFiehA,male,175.0,104.52134704589844,91.52854919433594,103.35001373291016
UZdY-KuWhdK1t0H-PbopQu2nhsyPOPXHt70KLbsf5P4,female,163.5,100.04987335205078,86.00279998779297,99.38731384277344
nz2mzZAjLRJlu4yf3pLDwxKY9gL_sw_FVCWP8PyNSRE,male,167.8,82.3392562866211,73.78138732910156,86.60468292236328
5YTAOhzULmQZbDyi-Obff7wss6yZSSC3aL5e1gYje88,male,179.0,103.84671783447266,91.81665802001952,104.21861267089844
UWASPgFJuSCTGcnhDbYA1z5msuGUFK9E6KGdBVxT4yw,female,155.0,93.79850769042967,82.94209289550781,98.9731216430664
QD6ovtOw9zxOZ6WdyfubnDySb43N6CMB70x5nzS257U,male,182.8,104.3587417602539,96.1968994140625,103.25985717773438
XAzH8SCVMskROSgnRfbBEfk7xKkGQAnoauOQ1QfPFYg,female,158.0,97.21383666992188,82.62557983398438,100.97515869140624
cwqYfrGaQlGVOCmAywhQpB1MSITNma9hzvJGq6g6deM,male,176.0,104.38243865966795,90.19097137451172,103.41446685791016
5hQbSphla0B_izpqBLN1pmev-FVtgTs8V24q8TKdfT0,male,172.0,104.08760833740234,92.98531341552734,102.95429229736328
e7kJVrTl7RY1OlQBLCaoKeodTVpcv_hDbj0YT7b0vrw,male,179.5,104.83610534667967,103.4019546508789,107.74105072021484
aPk9GVQJl8LQpsO32x2Ge7h-yysVmZYxKhRcDy0eT_s,male,191.0,108.91417694091795,92.12773895263672,105.8458480834961
pyuLlOYPSylmUA3brMMlIpsuuizSfDnj7U_OmaMT1A4,male,183.0,103.45079803466795,93.1156005859375,107.73760986328124
g6Hmr85PdUW_mFEj4Z6MvlTH6rz548RNd8KDtX7k0hY,female,163.0,95.2356414794922,88.27470397949219,103.60759735107422
WeeTLunjnmwHVaWcpCGbyYSoLZWKH9CPWmYM5lBzCys,male,169.0,106.93978118896484,99.30671691894533,101.43441009521484
9Jwy08xvevibs7xzvv9w0SUAsX1lx5HVeEixVJWtWvM,male,168.0,104.85904693603516,93.96524047851562,99.6951675415039
6MHkDyybTIapywHVfDdNDF9gZ7RnXdRuZsRgej2Jeuw,male,177.25,103.52189636230467,93.32896423339844,107.023193359375
07e9Xq9EyvLh2Ub1D-IrXCKwYPbtbcKliFRPevZsW5Q,male,169.5,102.67830657958984,92.9094696044922,98.98465728759766
59bc2765681516389ccf4523,female,162.1,102.76457214355467,92.14850616455078,97.68572235107422
YNI8EEAK2R7YYv0plROGkwwCB3MasGFzshlOxqXdv0Q,male,175.0,105.59090423583984,93.4460906982422,100.33586883544922
skzGOYxbS_sPEDnG9T6PZwaVNso_jWK6KnpeznXfw4k,male,173.4,102.72750091552734,86.33495330810547,103.62596893310548
yFwn7aVInJZ3B8jS-mJhWYPwTVQHndSgQiahVTBh5fk,male,171.0,106.74430847167967,90.05887603759766,99.7321548461914
WN5vfoa5N3L_TefOY_LT6EtCWhKor__7LmepFzJPudQ,male,189.25,107.25906372070312,99.6381378173828,106.47547912597656
Jq1XlswzbHZYGtIleoPLVpREae9PGg2X1p7sBaanq_E,male,180.7,103.57530975341795,90.17764282226562,101.10479736328124
M6VgD6r_83GpclmUFF5AvByf2g0vZHHJ4KibcKPUz4o,female,167.1,96.2155532836914,87.79163360595703,105.89264678955078
7TZRKpjUTi7l6HsC5xmyQ9eo2xFkr7qWGvvXepXn19U,male,185.5,90.61384582519533,72.81497192382812,91.6303253173828
M1muFKjSI5wj9-wBh5LrgBgLuujJ0hpuesndt7O2Xf0,female,168.1,99.76531219482422,84.89300537109375,100.74816131591795
TXB0Ee-2h2L6uQJlso0-tsOjvxq3Gyo8w4p8piLs4M8,male,185.5,104.95333099365234,92.06269073486328,104.20518493652344
GDYTyheqqqyHQ1V0nV7Bt4XUO_l96BpxQlBLHbAoKC0,male,195.6,111.68426513671876,96.74951171875,104.35074615478516
dkeGTec-id-KqQ6ZACRKErpnr5BkwGwe2KPKxnpIVn0,male,189.0,102.54338836669922,98.41498565673828,108.20984649658205
5gfj-28LyuYgH-n7VKAyoMTnOYZMpyrEX4-r7kMpPUo,female,161.5,101.05381774902344,92.46305084228516,102.5599136352539
zIJRdWHg4VGII2gi6UYcgGCRvU9TTPYwZgytyyDF_FY,male,168.5,102.99705505371094,98.13223266601562,102.09095764160156
ahbimrk50aFcgnJMEcMICxXsz1m2pNVIgrFLyMKhBiA,male,177.0,103.23429107666016,93.58683776855467,100.98944854736328
1h1YOTgYdWkDBeOowQ-UOSkvmV6JjhMOMvP8xNGMg9k,male,173.8,103.03874969482422,89.61148071289062,103.56795501708984
bpyWGHqAZ_F8jjeg0pH3UeLMZ0Hp2Afwy9pnuLsQiN0,male,180.5,108.73136138916016,95.61492156982422,104.8985595703125
YfDcP1ZRHwE52-DyoUNJZ_xr4BI0sgaEwoKRa9PRbH0,male,191.0,108.63775634765624,102.33124542236328,108.70104217529295
1xb1HyZlruyHo-LV5i4yYBt8JImpxS8qkXIsG6Pabqk,male,168.5,99.82012176513672,86.49824523925781,98.57194519042967
kLbxk6RYyVTXN9utH5phVjw6H7lc21wfUA1WCZVA7Dc,male,182.0,94.9775848388672,80.17020416259766,96.18700408935548
TJjX3J-3iPEpXzXvRTGzscpZesSkq8B20bxBlVHSY-0,female,178.0,94.28241729736328,67.57951354980469,89.2911148071289
5bh-aFAhg94Porc2ppzvDwZ_632VevJMG-wqDz6mEJs,male,174.5,86.16484832763672,73.6718521118164,92.37716674804688
BNldbDpAydeJs9HMe4pjl5PF65x7iRBWOhN8P6lTKpg,female,163.5,79.63896179199219,64.66781616210938,85.35105895996094
D5MxWVqkLBI5d_PXrkDBVQF0KdH11UceoNFdxhby5Lo,male,181.25,105.39884948730467,93.608154296875,106.06813049316406
UJ-lC5Qr0xris1r9m23uwU-CY5wGgUnWIaa3GuPQXlI,male,178.5,106.13642120361328,96.6511001586914,104.82453155517578
59bc2770681516389ccf492e,male,177.5,90.76417541503906,80.20658111572266,94.4249038696289
SvkY2Ysx3MDO_ExWKwetY7tv7FMNABQ7lWEi89y1res,male,161.0,101.28865814208984,86.28288269042969,101.56177520751952
R2oQsZsj0aVNB5JF8rS1AwZranVfJ3b5YWVVZ1etG7A,female,162.5,95.48328399658205,85.88340759277344,106.37710571289062
59bc276f681516389ccf4892,female,163.85,99.06893157958984,85.75615692138672,100.81768798828124
iqh-P4vqGKCTAkySq9mt7oqpEujpSiENp6W7piq4iNg,male,193.0,105.1727066040039,91.5456314086914,104.37559509277344
hi6qlhy777TGbwo57JVAK1IwxCpuku2Ks7x4qbVzvUM,female,157.0,97.1504898071289,76.55509948730469,96.1762466430664
lr54cFjU6elmXH8qEEp2x-Lrk8CumglhWnKIoyQQfdE,male,181.0,105.5895004272461,92.94842529296876,106.27149200439452
fLk2rh4oSbNSv6Vr58BjFk_Qf21Bjlbg7V6-ayJiLAM,male,175.0,109.12586212158205,97.37482452392578,99.9035873413086
TvWsHx0TePJqwHc9gERhvxdvitxWMiUd62zA6G6Td58,male,175.7,109.02377319335938,87.0019760131836,101.343505859375
r51xiWOSHi5mURV_03yspWiI8q1wvlXqwlVn88NNcb0,female,171.0,94.45040893554688,83.50091552734375,104.73074340820312
nL8SIHTjONEByo1JztFA9AVcjrXz9wOHW4yzRYwF_J8,male,172.0,99.64312744140624,92.73190307617188,101.57852935791016
6pdpwmyFhQBOKSH4n1ykZQ6BL2tWTf6ddaF_golkq_I,male,173.5,104.25542449951172,90.2300796508789,105.87132263183594
C0rmfpGsQBjErdJrkM-Y1_LWHu1K4s0L10e3BfcR66c,female,165.25,102.32217407226562,89.93296813964844,102.4816665649414
nUWW4_KfZICmN5fvwIGIwD0ZCRB5Um_URm1-dET6r-Y,male,172.5,110.52796173095705,98.41410064697266,98.32771301269533
uq1O6X0Y9q7pFMxvqbCnoSiEGqIGFzL9cptWlRaGfT8,male,184.0,106.90229034423828,89.19986724853516,105.09297943115234
YwW6NRscPkhUEJcdRaXcc4IPtxUnWRvbayE_BzLpBZc,female,168.25,97.8832550048828,81.84970092773438,105.35440063476562
oCR2_jIGeAq0IqYJOiompcg3HuhvGx3G8cstwrxai7o,male,183.5,103.85186004638672,88.91014099121094,105.6072769165039
tEKuOjDmwBoCevtE4mx2nbBN_cLFn20UlJKJR3qwlyM,male,171.5,102.12908172607422,92.96963500976562,102.83831787109376
B1EmAqa-3fmzu1QK7URXNIRTDCHrCquueFZNV7V5MHY,female,151.0,93.4843521118164,82.94328308105469,99.00364685058594
UmHgIHN4PrnkAQWznf9jPexwHD8dDbfWe28wIuSDECM,female,165.7,90.77627563476562,81.222900390625,100.67545318603516
h6dLO_4PhgepvgtNkD46WhnTIxOsTrxyASLvODgcGk0,male,184.5,104.66404724121094,96.8546142578125,103.26221466064452
TxXk8vYaUjs-OZCkoa4VOl7qEsR2l6-WPcHoRJbfxhs,male,180.3,93.71270751953124,73.96927642822266,93.25460052490234
7DdeFkyViYoPa30dxDCuf5dQ0ozqHKwzj3gKGZyBGrY,male,178.0,103.5168228149414,86.13156127929688,99.3230438232422
YSj1PU4BApztzlYwlSH_C6pUGl1ZqLjjbvu8rUJpp-8,female,168.5,98.35250091552734,82.48649597167969,103.31452941894533
zxWNGv-MTZSuC0Nx6fzyCJKLlpsfXZ-MDRmMX7pIKo0,male,164.75,99.63011932373048,80.61478424072266,98.50357055664062
lWosDwk9v0WlDhLh-pvR_9YLzzzL9T3SmzEIt54NWpg,female,167.2,77.11854553222656,67.11175537109375,89.18560028076172
xoetielk-jHR7YRaEhqDYaudPd0mWBXe3g4tx7BWn2k,male,180.4,107.30070495605467,90.55474853515624,101.27324676513672
moSoucNK9FIMD5_Tg6E9GIyDO-hh_E7PZOgFMRoOu1w,female,164.5,94.9296417236328,85.18803405761719,103.1721649169922
-ynFzSsRfz40hlq0nzQI-0iG7wNcnj_WYYSsdOyy5wI,male,165.5,102.03099822998048,88.61717224121094,98.4374542236328
2eAFDpd5_d9dDkD8Wufm0nmGIXv5zqtQIWLWQ5P4M6c,female,165.4,96.27783966064452,85.10908508300781,100.74641418457033
mxHdyqO0muEOOY8F9RPm4GeZqhWO1pjThEJFK1dkjHU,male,169.0,99.02821350097656,84.49024200439453,102.06643676757812
m99OQllmKlgocAaVE09co8PhQIg6T-MxzDlrm-0Cjm4,male,190.4,107.89225769042967,99.7815933227539,109.30735778808594
tiAYJnzByCVYjn5nAAVLhmzkaAWwbwxrudscG6replM,male,172.5,100.23258209228516,92.98353576660156,98.8828582763672
hlmzuLA4xyQUXDr-oK3IABc-jhnEPobq0j_8qazKNNI,male,184.0,103.21924591064452,95.3883819580078,108.47762298583984
gA27ObOs0JZs_558iL3nBrqSuHe5mMMa9QYPsw9bjjs,male,175.25,104.11345672607422,78.66427612304688,98.31342315673828
btEn7I6xi14utKM_CN9CqdnrCP-4yq6egUsBHfS3WdI,male,185.4,102.61591339111328,90.71401977539062,103.23749542236328
dJqIe2osBu3bKEUIljV6-vq3Zw5ocjAaaCAqumhc1QU,male,183.7,102.7159194946289,90.65422058105467,107.19844818115234
ZcCzgdDKMPR4oPr0c5GUXYe6fnzYwdUuEMNpbY5dMzc,female,171.25,96.77460479736328,84.31560516357422,100.5115966796875
DNDgaE6BmUFno7fz7Lv2jHwHZ7Za8QFpLVa0hgdtcxk,female,166.5,92.20427703857422,84.03578186035156,102.01951599121094
wXVCq4nyO3JYzDSQb9wB_wYHSmWme3NJAJQ1aPf75Co,male,182.0,102.02622985839844,93.43627166748048,106.84684753417967
z83O6aUc1qpDFMp7wl3jtTLGvDJX4jwrSOT6frHt0aQ,male,176.0,109.61248779296876,89.4594955444336,102.27378845214844
oSmR2EI7gSPSK6CMthxoVUFU3BJ93YaAMVnCF4EmSz8,female,156.15,94.27037811279295,88.53125762939453,107.03430938720705
pUBjnp1v-_G6KQHymv70x4a8qg_r_f-L7RbMKnMbNC4,male,175.5,96.62970733642578,76.60688781738281,90.88653564453124
10YcTVisuXzRDPGPFNYphp0w4emPdwGN6E_AdsLTuPE,male,191.0,104.17343139648438,94.57283020019533,106.5025405883789
Z7fkTe67cfrHsJ3PSoVuhD-K3EcFO6HATvSnOK-kbPg,male,177.0,107.04588317871094,86.56543731689453,104.06633758544922
qZ7bhYR_ffKpcpSwBqoIIKCnWKb1wcGqnJaP-iBdGIY,female,172.0,98.1478500366211,88.49516296386719,99.38436889648438
Q7mU0hXmoLdyNJep0JFlulz3lLODrEnGPuKc8TMdcx0,female,163.5,100.79930114746094,83.48301696777344,104.91123962402344
vMhSzosefiIYlQfyz1333UaP8cQszXJlLOgMkb5EEwA,female,168.0,102.83424377441406,87.16199493408203,107.26245880126952
EZSFs4NfveRhx2gyv5v3qrH1_Rh53qhl24r5JzUSCoA,male,179.2,105.87530517578124,93.39313507080078,100.45680236816406
uk-CtxwNfL2uxYjW-QCuXNC66fHWCTOCB8AmchLLHZk,female,159.2,101.29781341552734,89.48062896728516,101.23483276367188
H_2OChxzUXZmq1rWtxnlgVFgwmkkFxDkYbPVNYG3m4M,male,180.25,105.89999389648438,99.97215270996094,101.55978393554688
9qVCJoXCAJwZaC9u5-kXG26GlA3JmoMw92Rp5oiVEg4,female,153.6,94.80005645751952,85.13432312011719,98.16104125976562
qS9bgiy-nVA3MQvrhB5ffqRlkn7njLlUgue_gZbHF6Y,male,177.55,107.59700775146484,97.06365966796876,104.18960571289062
Usg9Weoa-4xNT9Yqfx3_HYX57YiZEHCggyVLu61dt6I,male,178.5,101.77933502197266,93.89351654052734,103.3193359375
3LtoBREo0oJ058FPutEgX3dYNGp3wm5eiTGKD3Nc-Js,female,176.5,96.14927673339844,88.26471710205078,108.2780532836914
7tXOo2zQVaooe8RHfl4Db8bshORuWkeNqa-z90Ou4lc,female,165.5,85.75193786621094,70.17806243896484,88.60323333740234
xpLRSBTmbLquELZomksgYN0fN_-2EZ7NANEQHBOeGKo,male,180.0,108.87525939941406,96.16863250732422,104.95450592041016
APPW003QXuBi87VOA5p0sEo04WdZKaw0-JIuA9eb0Nc,male,170.65,102.9834442138672,89.28349304199219,100.41556549072266
tZGSxqVqjMexWpvXsaOAWmJ3GEFkyAoaw7mRLLqs5HE,male,189.5,104.21131134033205,93.36739349365234,105.5503387451172
aKKwnxgz6__q6Gsnu5h10ZMvUieiKrZxPbNZI2Cqlvs,female,155.5,99.05711364746094,87.36295318603516,97.83053588867188
extNk1CQ8sO6YQ6w9Rj31axV4wJTI-n__UbDEtCsGdA,male,176.5,106.4454116821289,97.3783721923828,102.36412048339844
zBZvrEemVw2x6OUbjBouVqzyGVLxsL6CvNNDYFOsKLI,male,181.9,105.68297576904295,92.00176239013672,103.03824615478516
GFNADLQ2HDtH5qhFavpu2_jRkAmotWyIsdleATeVNBU,male,186.05,106.9390106201172,88.71964263916016,101.86126708984376
bkb-fupdaF5Pw5XyQD3odpG7PbWBbt70t3J6CuYSiVk,male,179.5,104.64431762695312,91.16211700439452,104.10398864746094
_iqxviX6D8gDSp91KWoSY5DHCpwWwehBckOngn0-M-k,male,179.0,105.1751937866211,88.42008209228516,99.54895782470705
RCvBZwL6ySv9VZVZ5BZjlncUxRBCExRk8cLHIXkL2mc,male,174.25,90.42781829833984,74.92437744140625,93.08257293701172
fnpNSXIAebizUnAre0llggSxShXClKsiboSZ2QbELNY,male,184.5,106.379638671875,86.12293243408203,98.26667022705078
hW2nKkigYEBoUOo14i3BHifQZLX6rw35VSPoWZxPNN4,female,162.0,96.79849243164062,91.50355529785156,106.70865631103516
1iNLc9Y7A66Ulg98SZyMiKgeyOdmugfXlmXEYSMa7iI,female,169.25,93.47380828857422,84.08770751953125,107.29231262207033
dYwFFnHu3CgATW4fXv--p6MO_X6EVYkslaxCBEaJfUI,male,166.5,86.24946594238281,74.46510314941406,90.74439239501952
B8ND_3IzBRZG78mbv0TrUyJn79ZXP2zkAyth6Wsw1Mc,male,189.0,108.6203384399414,90.4988250732422,100.20896911621094
S8DNkHWYnqSYrSKVjzT48pSx5KnBvkPR9YANe3OxRNk,male,175.5,102.76889038085938,90.6912078857422,103.73079681396484
3WBcOVmPX_zAto_zQdRju90F9aPkxEJA5IzmYPaklDg,male,175.0,101.3685302734375,86.3995361328125,101.7673110961914
s54yIZNewRa3lzGAm5m3geWsbCp6MKlTEJ-t5WEeY8k,female,169.0,96.4629898071289,85.4556655883789,101.4080047607422
bXNDG5yJPPqTKSoMPxTrhFaT_slKtuG76Sdd4dNxySg,female,155.0,93.91178894042967,88.61614990234375,101.60018157958984
QhxNLGGNPt_CLAWdS2v9-VV6QzaYIjd0kYa2TSu167Y,male,179.5,104.91072082519533,90.3259735107422,101.25367736816406
qqTK7jXl6nUoy-hIAa5PKc0PZpdTZ5l8PHtodgNN_Eo,male,170.75,88.48049926757812,73.96380615234375,87.98038482666016
CkenlGnzhHhAweaBpkT1av5IZItgFBk2k05QPYSLXu8,female,168.5,93.19683837890624,79.91561126708984,101.1247787475586
yR175FYo-5EKEoza-5iE6JVKBmUVtYKlk6q_5C1nXrI,male,188.0,108.4047622680664,87.95726776123047,103.94893646240234
_D1IcG_Q2aE8GS8r6GYMR0DrEwVw4Cz3pyJ00B0maDQ,male,173.5,108.6648941040039,89.77489471435547,101.58914184570312
SeU7Oa1_lbmjnPf7Ia-FHrIGFRH9rMXzK6XlsB8wg6I,female,154.5,101.98225402832033,77.89602661132812,97.4001235961914
1vpJCFKSupem5PPO9F-bvDjy5iKLyHyuryg5RDYyus0,male,170.2,104.44013214111328,95.42615509033205,101.3090362548828
UHx7qMqO-OHAWMSgjcrcrnJOIo7vRx3QOizllotU2oE,male,175.5,105.31787109375,92.68265533447266,106.43401336669922
W-RQY1z606QE2NMPkSyI5ONAW-hoIDGqmNBQI-XYinY,female,158.5,101.1431121826172,89.97369384765625,96.4409637451172
LWS7u2dM1oIlDpu0qfB0Fh8kUXtyKa2Bzu2Zy8gx69U,female,171.5,99.97805786132812,92.2215347290039,100.67241668701172
-5OHO2b5mRDY1rvAf07sYYtekEEX7ViEGmvRr7l4tfc,female,163.0,99.2533950805664,87.30789947509766,92.1286849975586
e-0lza77JKC-xvdfzGUtaX732xERpAyfyWYVzpbQGdk,female,158.5,80.65406036376953,66.52960205078125,85.91181182861328
SOBDbKkRyVnde0LsY4ekKIEN8FK8nlUfpvoUmD1tZyI,male,167.0,111.22109985351562,98.13439178466795,100.50314331054688
wWnuKBtfD0TJTzw07s5OxNkw_Zewroc0oIVouE_-0iU,male,176.5,102.78305053710938,90.297607421875,103.37816619873048
MoVC8zaNHbXveUHEwDF-a7ohr17YeOCTHW_iDKwpc5A,male,172.0,99.3547592163086,82.58422088623047,98.83740234375
K5UppEJ2C0RnQTWilh3PLrwSvbVlkn6T29I3ZCs1vII,male,173.75,104.13436889648438,87.67652893066406,102.37602996826172
OG9Sg6chAt62VpE1YhaBQcIQ1Qv22fYUHRPndomcxz0,female,158.5,96.99478149414062,81.6817398071289,95.39736938476562
6E-ijOCvyEWroi8EYl2I51eU-NBOYt0LlieQHYeasx8,male,173.5,106.15563201904295,91.56500244140624,99.72509765625
eUQaVsLyGr_zoE6EwWwpU6Ww9q5aO932Y5LxH0ViKQo,female,167.8,83.81391906738281,74.55671691894531,88.06897735595703
k6mUYQ--EsUFkUXes7CyUrDDVR0TGGdy3JesOw4muuo,female,164.5,87.80652618408203,82.68330383300781,98.69752502441406
K6AJeEjNFAAABQjy_5cQ96BIGvZhSD5OLDiH003A4HU,male,174.6,100.86685180664062,87.5956039428711,99.23653411865234
Lvkkn8G0hPPSfS6W8tEqFd2e0dtvUIBx2VcoFHLYXEE,male,184.0,104.8610382080078,94.59589385986328,108.0086441040039
59bc2765681516389ccf4513,female,167.1,99.9602279663086,81.5417251586914,103.36111450195312
mTsjIVTuExMqDOs4rgUWzVrk_s-3Y2syQl4NyccrLbI,female,161.3,77.07776641845703,69.56553649902344,89.63709259033203
ZDMsZj0pYkVmeSNPYeL7HvTEVgo1YmJpUhH6mNDjIOk,male,172.0,108.3287124633789,90.7149887084961,101.65572357177734
_inbvNfmzAhTXq7VF6CCfnykaeMIB2VlJjOmLKr7TzY,male,174.5,91.7095184326172,78.02105712890625,90.9737319946289
iU2sVInCtVunrailm4rEZk2Dsnrij1z_DGfKVvjgNUs,male,179.5,103.13365173339844,89.56195831298828,100.75822448730467
UJrdm9giorML-PfhB543ZlhkbGFzXA3BH8saXg0PWVw,male,177.5,102.88145446777344,93.30938720703124,103.28469848632812
S9zKF4YjHsOv9MC2NLaW4o0k8o84LWICxS8BJ5wsQnk,male,174.85,104.76808166503906,92.96907043457033,106.05783081054688
nABobY93RIm5CgL2YfJ3aZnXF6_za1yd1oNPrC3bszI,male,179.0,103.3245620727539,96.01815795898438,109.72431182861328
4UEceASMrT61xiF-hLZEjxa5PpAZxT6PG1gVbztzWcQ,male,186.5,107.10529327392578,84.1405258178711,101.6760025024414
Oy8RHBJN9tp8RgpUs4Pg2x7ALbud1MPkfbF64WxpE2Y,male,173.0,105.01996612548828,93.17155456542967,101.7568130493164
6G6oYfY_1KdG63aIAEbDisjnRAalV7xOP0Kj9jajxJU,female,158.25,97.67322540283205,85.9277572631836,99.03211212158205
GYTnlaKA2rWl9aSy0W9Jdwv3IV-sh-UTxnNHvGd5IzE,female,159.0,100.92132568359376,77.81464385986328,100.07229614257812
y32dEeA-iZr8Pt91kD30sOJRmugAdCm-jzF6aHYt_oE,female,165.0,92.77002716064452,79.574951171875,100.85231018066406
KBAU1rWD43nsok2kcZJkGqqMKRUMIpMURs6n7DiIbAk,female,164.0,94.18440246582033,76.36695861816406,99.92965698242188
AJrINvKEvx1BaOMF9r23zwKdD9tfkHY4jSO3GyImELQ,female,161.85,95.63002014160156,83.73316955566406,96.1023406982422
GyU3djh8hRxo667iEytXkPFBboVbsHxfQlbDM9X1fMA,male,164.0,98.53136444091795,80.42933654785156,101.66668701171876
6CxHzwqW23eLWqsWrQuJbwr9UWlo7pv87YqZTFiWxws,female,164.5,85.47166442871094,73.2765121459961,86.67359924316406
2A-OwfseLIFUUX6GNQFD8YuEVTs-luhhW0d6P352JyE,male,164.5,103.5038833618164,91.2874984741211,98.53953552246094
cXSxzUabb0JDPlCDbrdV9_JCKvd0rSEG27KGN5i7G6s,male,175.6,108.81290435791016,86.9976577758789,95.3772964477539
QvvspmnbMFsvetheLFMmqbxPuYhuz7z2HpKC_jXBj0o,male,170.0,105.4658203125,86.88609313964844,97.66495513916016
ZpkaybknCIvVhfD4OrVcF4hiLxjFcZSPAmNB4-ZmTUM,male,176.7,99.61542510986328,88.08967590332031,104.7566375732422
Uv0m2CsOMq4Ll7gVXkA9zRMJOIu13kj44KrnuOq91jU,male,173.5,102.67372131347656,88.57466125488281,96.19048309326172
w1iNAbmo8qiJ7wnf4IPgadm4T5UJ-BUAqXNTItzYiqE,male,163.5,103.4848403930664,90.1186752319336,98.822998046875
q29Ka7U5AnBBzFK_CLTWyiYURy4qRpXDfow3l0wt7Is,male,181.0,92.34896087646484,73.2925796508789,91.7295379638672
OHJbKBoYWYD-m6mpQi8Xw4zXuMKQe0g8APH6z__VLv8,female,168.25,97.2168960571289,79.83182525634766,103.8739242553711
Hzt2DIA4sSGlDqQG_pWdBb7TmQdslY95FZ0d_1ac2uw,male,171.0,106.38544464111328,88.27825164794922,100.81005096435548
LAylutsZzyozv6hpU2zkLc7tSoVn0KA7MHpFSNF31bU,female,168.5,82.95530700683594,69.80783081054688,91.51734924316406
tUYlv4GX0ZmahKhPdKkB63BAfZ0-5z048-POR9ivZdc,male,169.75,98.17346954345705,87.37330627441406,100.05221557617188
-494U-YoXOD8e8gkCuyaRLn4MLo5P8Dm2B1s59WBGdg,male,178.0,102.5260238647461,92.28617095947266,108.04713439941406
imr_d2YgYcSBs3v8LjlBHqG0HS9ACezVaKNvEk9esgI,male,184.7,107.58868408203124,94.12586975097656,106.11309814453124
L3gOZE9_foSWpEGDymPGZ72xRwNAjs30LgwA2HK5Pck,female,154.0,89.03645324707031,80.11570739746094,100.13565063476562
HTxLE7dUgdo28d3l443uipc24MX6AMIc9oqgSSelXcE,male,168.0,90.16098022460938,78.81758117675781,91.02037811279295
YCYZfuKdUfWrvD0Wa_bpzqRO2pV06RuSS-4SSZOavSY,female,164.5,101.33435821533205,89.12748718261719,106.93487548828124
Xpl_TrpKfelndMt69vi8OE1UHBWiE8uzV6Y8IJPuUs0,male,179.0,89.92058563232422,77.1148452758789,92.0728988647461
kIylnWWgtxbfedUMpfR5Ot3-iuysBKh-wHxw0Qwh46c,female,166.0,91.29724884033205,82.66114044189453,100.84612274169922
PvvWNiET5hz701BDbx_LMXCRHnH7W94qby9EuCVLxs8,female,154.2,94.52001953125,74.45515441894531,93.97885131835938
4X6MQ076vR6ncRa7kAQJGyJanmpjzpY9L0OF4DaOw5s,male,177.75,103.26680755615234,90.1529312133789,100.17203521728516
0-XhQ-_PmaT9DVwpTEiOdhAFo0CD2e5T-32D899sQpw,male,180.9,105.03558349609376,98.824951171875,105.42310333251952
4zydBaQiHRmsujJ961bicneBbDYHlmHxPeLTQBorLzY,female,167.0,88.22805786132812,73.5728530883789,95.18148803710938
qQo_oIPiQ5oiU6FKlKj0rQl95bc57Mf2fx4ZfLoCMsg,male,174.5,106.5548095703125,87.51472473144531,101.79499816894533
Vlfc4F6gFYKkpCJux4gxVJzSrlubik60_HDkzkwcIqI,female,171.5,94.20832824707033,86.77568817138672,104.23409271240234
0E3196x5V49sGp00GuePdIl0QqWVXyzssZ92z7KBt1M,male,182.0,105.3108367919922,84.67745208740234,104.66577911376952
_-FcJa_1NhwN2S8RaulW3yaAaBnkDM3lK1rkoiSILT8,male,182.0,103.71985626220705,89.79374694824219,101.9970474243164
4V0D7qiw6J5sTLHjBGkxAjwpIZRx-KPVaQWLWf8xy4o,female,162.25,95.95661163330078,91.83299255371094,104.18953704833984
JAg_vZFKeCSYFw9koOgVKilSrq2EHj1RJfMuWx3zSr4,male,166.5,96.5386734008789,86.6727294921875,102.4056167602539
UD4C_0aOFgXZOQev3RxDO_cdPtRCnlmUxIA5YFM78Pc,male,176.0,103.77386474609376,93.6952667236328,102.43986511230467
0nUGCGJVMuW97nuWEcXti8w-lDDCvyrOgT7RzfE_C1I,female,169.75,101.45004272460938,83.8014144897461,106.48950958251952
fXAVRAvJxNQVKYTuT_YpnJiF36hIZF5FwwZWhhCjkd4,male,191.0,102.5472640991211,87.72942352294922,105.68817138671876
Op8r02niR4ewKbhCNlxQ0bbj9lntsw2SLCKTfXOjsc0,female,170.5,86.14691162109375,68.73181915283203,90.48207092285156
E8-vjMUBIIvCU3QWccMaqpmmwMclKonOuHHZEaPFWis,male,171.5,107.8438491821289,91.99726104736328,99.5186767578125
4bpNJgeZd3-fSRjAsrW6eRInYZ6LOOeVVGC0dfWjwNg,female,169.0,91.84209442138672,72.39541625976562,88.4359359741211
vbZZsZ3TYtTI253SiLaYLGYn-BT6NSlnN-B60PQzdHw,female,161.8,99.64603424072266,79.00550842285156,100.27666473388672
dPRinhZqztN_Hf264QHnP_0Wg121yQ90oKTvePLyM8o,female,163.3,94.05387115478516,83.08366394042969,101.20037841796876
x7LgGXIftB0_VojHFSS80SnGLd2l2y2U-Tsp9wpqHcY,male,167.0,98.017578125,87.41802215576172,100.66110229492188
kIosKBvrouT2CfUkiqjmsqqm4UXFJ411t3NDPSJ8HpI,male,178.5,102.01793670654295,88.75618743896484,102.20222473144533
IWvdVOoB64ZWXoz1x6sNBcoyFkEoDnxG43oOK76pElY,male,170.5,98.81717681884766,93.05462646484376,98.16197967529295
MjvyiQerHJp4LNFaYjErBuE5gZXzJTTBxjRPbdaIkX8,male,181.75,91.8107452392578,81.02201080322266,96.18980407714844
tHlUh9CpvOLylJ9a7HQxa6tAoaZSpk3JaUOB9RRfHCY,male,178.0,104.61847686767578,90.67872619628906,100.85363006591795
wyo56gHJyQO26BfciyAHy7U9Tx2QnhxCIv0tK_rDou4,female,165.5,99.7601089477539,81.30459594726562,101.57102966308594
Crb0x2lhEjGXXrx0Vmvx6cTvpQlX4fyn6NlbcU-KvAQ,male,177.5,107.92784118652344,90.87097930908205,105.07658386230467
zdbQ1prRzbkf5E4QCkM63hRWBbYPFmzD9k2QtFgYI6Y,male,177.5,106.56332397460938,92.79029846191406,100.59842681884766
5gJvsNAdEV-aOfld0OxN76tkiEDyrQzQMbP5j5a4Fz8,male,189.0,111.70310974121094,94.16178894042967,101.10147094726562
1F0kEDeQXT7IOic6etMSOANMhH7SvKE1o-THF11ugdw,female,159.1,94.0296401977539,81.38391876220703,97.20577239990234
Qq9NaLjx3iFSgN4IO9FFHNQhM-HniE8cy7GXNWpJVtk,female,173.0,91.26614379882812,81.68984985351562,103.62360382080078
oxkxGp4O5kRM_yq45ZJMHouX_gxIjQnW3X0DzFAgbx0,male,172.2,87.67516326904297,71.89729309082031,94.55945587158205
HUX4yHwQA83GA22ZmJAVAnd_mWc8lMPwOzZthpYFmJw,male,181.0,99.42406463623048,87.94149780273438,104.33486938476562
LG8w5pRNQxAS1OXu32ttcFgCo2x_udBwl4IY-pkH-G0,female,158.3,96.34825134277344,80.09230041503906,100.40779113769533
1hW_MCqKCiuyI_RdcwYn7k0pFVsCyG5epVA4Lv-4jGU,female,161.0,89.19153594970703,80.69123077392578,96.8127670288086
WBiAmI8mUEJbHRBA9fz4cixw2gSRkyEg2wIu1tXTHe8,male,174.0,106.30912017822266,99.62269592285156,103.64946746826172
gVaFww_QRFR61Dd3IjpZzlsqmmNHOuwACc1wztI9ixI,male,174.5,103.673828125,84.52074432373047,100.213623046875
D6kXZAh1mfppxOiWxUvsXamValVp-JjjGhTOtF4V6AU,male,171.5,99.5140380859375,92.75265502929688,106.13069152832033
nJJBOqgWjpSrrS1KLVLLXOYuWUq284qw6hLwLsyZZAA,male,171.5,101.29801177978516,90.4878921508789,100.95648193359376
d8ssqeq9ARBrTL-SwXkbI3vDGH_FheA5lAGX8cxbOU4,male,159.75,98.71028900146484,89.53038024902344,99.35584259033205
59bc2766681516389ccf45a2,male,165.1,99.48661041259766,87.88883972167969,102.23333740234376
lkyhBZH_7_G8UcWiTqBujEauc0CA5LBqBVijmmk50uw,male,159.5,98.24945831298828,94.0343017578125,101.1573257446289
BGjL1f-CjLwYekISOM-ZP9CGKLtlVbXMfak4uh6NEtU,male,184.5,103.8275146484375,98.0734634399414,104.00377655029295
tk_IQHyKKnSaRC7JnLs-wuJPSlb-vArUTnfOWsgSapQ,male,169.0,100.84229278564452,84.75675201416016,97.30314636230467
59bc2766681516389ccf459f,male,174.5,99.4133758544922,84.12323760986328,95.59651947021484
bEEVIiPPqqwP38kdKJrb5pnbM5L3-1-Q4K0D5R-Xp10,female,165.5,82.61907196044922,69.68941497802734,87.76680755615234
tr0fHdMMfA31TbERAMt8AbVSEaqUoip0rGkh7_UZp8o,male,171.6,102.22249603271484,99.57282257080078,98.71432495117188
Yl8U2SSkkWDw2ewoGQLfj0P-Y_wwwe28W6ltWa6OE5k,female,164.0,95.0368423461914,81.96863555908203,103.04547882080078
jgZVDpdG6tLTkZXoAq80mPzizScTJEG7n1vuu76jn9o,male,183.5,102.10693359375,89.49951171875,106.1240692138672
D4fMm4EBjaPKD_HVNJAVfFWTZnB-r_ZKhWngRfO24MQ,male,170.0,97.68353271484376,88.66278839111328,99.41525268554688
NqNHgXJ-FnZz5ve2PHKKTHsACmQgTiZyRSFJs4BHXWs,male,169.1,100.83967590332033,91.123291015625,99.81491088867188
pqOj_7-f3y7QFL8czSo4PF7CyeEAuJctuGbMvsnm4I0,male,180.2,106.80875396728516,95.59757995605467,100.99834442138672
5FMPgoKBaPrOYoeKbe9MUF6QoF6fUoDtS7uIhpANTn4,male,167.5,99.91260528564452,92.33431243896484,99.9486312866211
yDKNHjVVLnOxD_oBdXqQW1d9SwZDDiKn-VdTJGev_T0,female,170.05,99.95494842529295,85.41654968261719,104.38232421875
QJjnm8eqcTWclApiqQ3yU8OmtAc6DsXvX5ysML60mZA,male,184.6,93.36165618896484,81.96932983398438,98.3202896118164
1r-5y6wiubbNTNDOhH0ypmCfrIdg_mJnMzR69G2i6no,female,168.2,85.02081298828125,75.51879119873047,90.55326080322266
jXtJLdJuADKSOOMl8VfKZonbn0KyS1gGcBcUdaURUKM,male,184.0,106.33903503417967,91.17391204833984,102.9652099609375
pKRLPLEKQlOAYkS3cSoDzCvwIHDUu83thaeib6rgK9M,female,171.0,98.1668930053711,88.54996490478516,101.72032928466795
1WwQ2-G5PJORq2Kz-d4p3pBAoPf8qHuIw2GtsE25bEQ,male,178.4,93.49794006347656,71.64649200439453,89.90689086914062
tKHi87qSvJrSlso55catxSZkeH2nTfQJ-omJ_79mJJ0,female,162.5,86.90776824951172,78.18670654296875,98.53865814208984
5vxfk__CW3elt0_ggBHOEjqApV96gaGUVb05_W9EgQs,male,185.0,111.05435180664062,101.7148666381836,108.73226928710938
PSWXWb1JMr1NXcxjGIGDSeYOT6YZLvclRRYBZT5AkzI,female,173.0,95.00820922851562,79.78409576416016,101.5699462890625
V4GbYnb5S_zYEiyQG08Buh_3gBaQq7uLKEV-FiGV0TA,male,169.5,101.76915740966795,87.46377563476562,98.2612075805664
rFUJ4sAg0xJpMiKyCvjFG1t15y-fUlnBwpCJyti9lHU,female,163.0,93.12284088134766,79.4583969116211,101.18366241455078
xqSrD3kKSH0jt-tGr4oooGvGQfZkbplgahtlxiuWCIo,female,152.35,93.40608215332033,77.70252990722656,96.2162857055664
KlCO_7813pIq4DnmhuGrYTD02wHzS24wjgUoFlvwAJU,male,181.95,109.67859649658205,95.7868881225586,104.24506378173828
5zcszVML0w78xRPzf_5uFJju-oe6cw0b6tanYu1nMho,male,174.6,105.07827758789062,88.38450622558594,101.41234588623048
ezYciku_K4N8OZ9VlDPm8fli_c-tGTxARSIx-ee--yI,male,169.8,106.397216796875,87.79979705810547,98.62696838378906
AOROve_CMsO6bxWVAi3J6cn6izwWWgxmcCmZcV7Q0cU,female,159.6,96.52001953125,85.54640197753906,101.73522186279295
hT25vKHsmc84oqfyJtFsrtgKxEg0TuJTiaOOu6-mtGw,male,176.5,103.933837890625,85.4988021850586,99.32635498046876
98ybaqAtTEscPfdBt_pbzyB7uRzO8UymbWubJOh3cd8,female,169.5,94.26927947998048,83.76412963867188,103.47250366210938
xpPDaeqa7cFWYsOIUOk7-R9bijKBZszTk0YAStFyPdk,male,180.0,102.73336791992188,90.26422882080078,105.42024230957033
8irviJf2nJFtk3DCSB3zQ_iMByLhMZTcEHZC8AF9JtU,male,180.75,103.8022232055664,96.3390121459961,106.57259368896484
dH_zwnKxaYTy0WnxdzsTP7jzIsP7tpPewqI8hBghTsA,male,170.4,101.95884704589844,83.89701080322266,100.04952239990234
Y9QaPA3yA5D9aXJrkhkQhG_ho7pRkx8VTd8FNYNPTfo,male,179.5,105.08203125,89.14643859863281,101.48992919921876
F4TnEhf6SPRvMS4EpUaOTA2ZE-WJVz2b-YcJF3TxyKA,female,163.2,89.29119110107422,74.53558349609375,100.00894927978516
1R3W5ez3wY5D5sZtyTt4I65vfyeqoonQf8cItdkUyqw,male,166.3,85.48236846923828,73.43668365478516,90.94426727294922
KyUpCvLOaHfJNvUi1UqsGflxRBbyk5O5sHHE4Z3fYs0,female,163.0,78.43778991699219,71.87508392333984,88.48711395263672
kz9ZsjGgGBk7YU59d-1Ng5TuoWc72Bzj7y2HWR_FbmU,male,190.0,107.73136138916016,96.2483901977539,104.9244384765625
BuS-57KVH5PUMufrQLs3EkdD9lLWqtt06DpoL12nlsA,female,159.5,93.5320281982422,79.25763702392578,99.1222152709961
Xh60cQvKbDrqtBGVd8w99ZGaHI-9LOZnuYADjpDVlaA,male,176.2,102.03577423095705,84.59173583984375,97.22750091552734
3lCM3aLY_S5D8So-cmKS_wxvg4LEd3ByaVj7RwtJXPk,female,169.8,86.52153015136719,76.06050109863281,90.04361724853516
DCA3Le3s1Oh-UiRWy_kDjoieCC_MvJg_4ndji_I87jc,female,164.0,96.38735961914062,82.30667114257812,99.25389099121094
ZCo4kyD0JMVyA-kFfcwHsmIxExT4ii6WM2DS2JYSlcA,male,183.25,102.68566131591795,92.28255462646484,107.32237243652344
F2bHlcb2QbBRq0_jJC_kAC5En6uju_9EK54gmU_vnmQ,male,176.5,101.9096450805664,93.52877044677734,104.66580963134766
heu0Y7S4gPbcK1MOY4nTN5hnH7u7Y8YQ3_-A1_QwPtg,male,185.0,100.76057434082033,91.19834899902344,105.29889678955078
Gw0YnQkeRT6TNrIYXuJ3RlEFf2CRfeSH1xeGryONI-Y,male,171.0,91.2724838256836,73.1204605102539,90.36959075927734
UpKByUk0R-xH0de_VHTP1DIbIf7IHrNBIUPzD6YQth0,female,166.0,101.23136901855467,87.62088775634766,100.8349838256836
XChq7P1lqOo--lFR5_wmw1iL9KE3a4-ARks2xlDKFD4,female,163.0,79.41500854492188,68.5206298828125,87.43217468261719
G20SP-1En7Quun7441TOxc9maw-RyyniTksdrwPvJg8,male,173.0,104.59477996826172,92.9782257080078,98.38150787353516
vkksn2RCSbypUytk-hVipm2siTrFOOo4ThunldZNHEQ,male,180.5,98.45093536376952,94.30489349365234,105.94923400878906
59bc276e681516389ccf4844,female,165.0,92.0576629638672,79.85425567626953,101.00206756591795
SCrgJSZYcGAKjmC780rJme0Zww5HMuPWH1vGrplVehc,male,170.5,99.61417388916016,93.02820587158205,101.78058624267578
O4seCrLSEagQp6BGJTsPYovKuLedF1KiXDYJjsxHV0w,female,162.2,84.49539947509766,69.13531494140625,86.91593170166016
aKCbIlgkgwR0Tv0hD5Y3Reox0bJEgCiqJMVSaIrRKRQ,female,156.4,91.93451690673828,78.69195556640625,99.82359313964844
hcr41wOhrcxY1NAgTiJ_50lotLfEnhCxj0h8iMEjJlo,male,163.2,103.37785339355467,90.6083755493164,94.88104248046876
XzIIbdAvug_HTiA25PW5MFyFyt7QzCVA5lNnmZN6BIU,female,166.0,84.54405975341797,72.80900573730469,87.40491485595703
-f435rmMBWdNpQenjlVoMqciq2qSKrVkdrcdeBhFadA,female,164.5,94.22655487060548,82.11270904541016,102.5193099975586
5EGWEEK1LY65tkKLQ7EYnBzkxSvRVvGKkbbH5xXhHSQ,female,149.5,93.38225555419922,82.87203216552734,97.88565826416016
TRtNqwFvqbRB7dP5iAW0CPCyC254XwlLQdNNTtOZ4j0,male,171.0,101.41114807128906,81.96931457519531,100.3821258544922
gxdL3v4FMMviG6lBMBdruqmXxZpzpKt1y_ztwGGGfhQ,male,178.5,101.78961944580078,80.63751983642578,99.69515228271484
KuaO0HukXURPXHNjwVlRBX54vTgGoJCgIlE6pJFBjuU,female,162.0,102.0481948852539,79.57678985595703,98.67068481445312
PzOCTMEqFNW_m0El8kk94x5NoGcA-L_d65TiAJe5p68,female,157.6,90.1010971069336,75.91825103759766,96.4058837890625
v99TYhN-aL9jS37fT7K_87UxZ3DOZ9NikUOlfjWTfWc,male,174.5,102.88069915771484,97.57769012451172,100.7673568725586
_ZamEJ24dG8_hV3sdbt6iqrWwvT8aUB0zCjq0h6_X-E,female,161.6,81.3053970336914,71.4942855834961,91.98633575439452
WHLyN1BmsXGjyZxBL6HVN-lq4TLZtDYyOvqlk5HxI4w,male,170.5,99.2471694946289,90.0327377319336,100.8989028930664
uq8_zsy7waIFa6uIbv9oNPTu8sxth0AoEiFRAP62_M4,male,180.2,102.02023315429688,93.26809692382812,103.43289184570312
ti2fvqxhFjIFuLhF23WHc7MpXMuWw4g4ccLAz9ztE-8,male,179.0,92.82942962646484,83.79544830322266,94.59178161621094
ccXAcqc28YYhNE3hRsOjttyRS5g7nHe4BqkS0IWwxyw,male,169.0,99.78673553466795,85.8662338256836,100.67618560791016
l2okRHurs3xMdNqHEqWFzVB_g4YbGoUUvMCToetp_mA,male,186.25,105.94080352783205,90.55013275146484,101.62845611572266
WnKXOTsT_HOrsCimdLNQ0avrn593cJCE7N3fCWGn9H4,female,161.0,95.61492156982422,83.18534088134766,96.62142181396484
TK6EBuLQbWBIE_w6NKPVidYrw3SD_s-_6brVS6a41j8,male,183.5,105.24539947509766,89.56159210205078,105.60118103027344
SnRufUG41gyAnwY8mh8ci8O3iUbshtmaQkXebwXadkQ,male,170.0,106.5452117919922,95.84185791015624,96.7472915649414
qkz_UfSXcjp8o00AfqoYSjbNMb-eyPPlCHaTQFRoo5s,male,173.35,93.60698699951172,79.16636657714844,92.7533950805664
x2fmUbzATJufaVIBNNEQHrtOCRFX3gQ6l9yZVZxvVFU,male,175.5,103.66859436035156,88.05179595947266,100.72946166992188
gawPz65AmfNlonEDdqvmqqVgcnaJ9lGZ9t9PLMSYX8A,male,169.5,101.27164459228516,88.6998062133789,99.11040496826172
e6nsYuQGF3wxDTjS-XbnKQlX_A45JrZ_IYwO9lA0hZA,male,186.5,102.85091400146484,91.54633331298828,105.80999755859376
9tplm5gImUViNEcYr2L4gMd5m3cwH61-cy8uJ4SItP0,male,173.0,101.54570770263672,91.7913589477539,99.89637756347656
Vs2eI7lYPCCR4N3jdBO4G9tBuKpH0ZXT3qpzOCmG9QA,female,167.7,94.2399444580078,78.69696807861328,95.7486343383789
Ve_FT5dVazanjRifMYJoMRRL3LBDF0Wjg_X6YyNcXzM,female,159.5,81.24031829833984,68.51321411132812,87.11659240722656
mKjtVtOlfAQeMaoAtJ6HVmzy2PiT2kqcn3ihTmy3rU0,male,176.0,101.32234954833984,93.6075210571289,103.62249755859376
ASWDIHpxAgE8tjKibGquSeNFX7ipcfS8_dfxbSxsPJ4,female,169.45,92.15679931640624,84.99736785888672,106.05753326416016
uq4DCL_ezHJURMKCNyYgyF1N2J36sYaBy-zQsrYfIhA,female,160.45,81.75006866455078,69.28402709960938,87.40271759033203
ocXcj8WETZi5Gd2VKpBnoNe8WFBcro0dRSKIaAWp7g4,male,197.0,105.2676773071289,92.07630920410156,106.81037139892578
GiOjWOb8rcgPHXaT_vxWEd-0khAQyWvbbMY6jQ0CMgk,male,183.5,108.64903259277344,91.97789764404295,104.0135498046875
GK2jds8tP3G6PyRZEtetBwDgWLEMWJUaEN_1btjyNrM,female,160.2,82.1718521118164,67.9443359375,89.27346801757812
KNq9LWzRIJfcCQtM9-zFyifnJQUjTpBQI_cl49HX-Ds,male,167.5,102.1338348388672,88.29166412353516,100.27173614501952
Jz0F-sHOioMB7Z7xayumTURoIaK-p_Vkegld-AlB0oI,male,181.0,96.12432861328124,81.86067199707031,97.93673706054688
ARC9XVPHMy4OmvCLVt3pOlOR-Wv17WxdC6zj0jJiquc,female,167.65,94.35926055908205,79.3061294555664,103.23731231689452
7dbX_nuL2W2sH0mMPkEdNVgvOQU0WCx3MEQhXaeEdmI,male,186.1,104.63005828857422,96.51268005371094,106.80632781982422
59bc2760681516389ccf4333,female,161.5,82.49739074707031,69.49959564208984,88.5430679321289
p2B4yI1jryEWWbCCxGaBlXZf-6KhftowvESTZC8Sk-c,male,180.85,93.11051940917967,78.32154083251953,93.80611419677734
6QU-NVlHGSepb2kUjmq2HQ0_ufqINLTaw2HEMtKHNyQ,male,171.3,99.6316909790039,87.92960357666016,100.76317596435548
rLy5q5GzDMlUYUv7CAo2X89t0qncU_-j15zxHuxCHoQ,female,168.0,98.75115966796876,82.81612396240234,101.84215545654295
99-A0APISxIX3gIyEXo0VQ_XvAi27p-pj01xr3uMVsg,male,191.5,96.5712661743164,79.16075897216797,95.31526184082033
jRhOpBiBukCpY54id_vApU4ug-v6ejmZ221XvaO5DBc,male,176.0,98.46707916259766,81.92120361328125,100.76952362060548
KF4x5qg5axbnchXD1j_iCV4iFgu_9iXzYPt-MK7TyUo,male,181.5,106.05680847167967,99.57305145263672,106.0773468017578
3jM0qIx79JRrqajAJWO3X-j-CXHLizCUh24u2m88MTI,male,176.5,97.85045623779295,81.06181335449219,93.50901794433594
ZbNyhEtasd8OZKHhyFQOwXZGPEo3glRq_b3xc1asgkQ,male,176.5,102.68524932861328,83.57520294189453,95.65123748779295
_CwZV7JjweL1bNgowFMabyvvg2zUkljylkh4qYgiQoY,female,170.6,93.7780532836914,82.92009735107422,99.64122772216795
8UzAHjyGQuvdv7fOQCazoAcqVuVOv5H7j3ZWe_cwWDg,male,171.9,104.72992706298828,86.36036682128906,97.28101348876952
slOKLPyTsRXyhmLtpNxjwCKXUf5GBV51jreHY4MUjZ8,male,179.0,91.28523254394533,75.11622619628906,91.62269592285156
Iq9BZmJt_Dg-EuoVbU_Q7ttc7RWfR-PyHACAyA_NwHs,female,179.0,97.40876007080078,87.0676498413086,106.8810806274414
ecUGjMFkvAwtcVwM1IeTNbM5pYu2xRc_lYlPYb0qAXA,male,182.5,105.04261016845705,99.22650909423828,103.9640655517578
LmpCWk6jQZlA7EPOImRlJpNT_4ON6NgbzEMhwCJa2OU,male,167.45,88.32930755615234,76.33670806884766,94.33995819091795
oP0OgazySv5ASkVhP55xjlxtlUkANhXAiKB876Y898s,male,168.8,106.47207641601562,87.4945297241211,98.3608627319336
z6ry-gQzsSjp1Cd3uRse3JdreAawUiaFUYlCqHTxEbI,male,176.5,92.3017349243164,80.93891906738281,90.96133422851562
SZmnW-xc6SrqiqDHJsWld1yYThhr489nBwJCqzYIh-A,male,189.0,106.30099487304688,90.54425811767578,105.10755157470705
CpFafJDl0f2NkI4XPdcEpqtEtAyQlfh06eeNnLelmTw,male,175.5,100.18814086914062,85.79722595214844,102.1143798828125
J8vqwp_s55pqSPsvHuWqSgPJ4IaZN06w-8TxCp6c-jw,male,178.6,104.19831085205078,83.48543548583984,98.99739074707033
ZDukDpUhq-XJdgUN_E8gup7rIeIgAAC3fCidsBGSTi8,male,175.0,100.54850769042967,90.11077880859376,98.67903137207033
lLaKUu8T6XGcAi6D6SUxeHWcwyyaBqLr1ZV9QWhll-8,female,169.3,93.38866424560548,83.74576568603516,101.48030853271484
alvViEXcpt6DTJMCIgxAwfPXlieyPGTGoJs62yCtXlc,female,159.6,94.76419830322266,82.87810516357422,97.48371124267578
cVytttxSLrJkJZfDS7mqNACCPRKwCk7a978wWualrew,female,164.25,91.01161193847656,79.21905517578125,98.60289001464844
j3scOr7Agpc6mqX7390w1Nn1DSd35AU-mcbecE0rfZU,male,178.0,105.5423812866211,94.5880355834961,103.2769775390625
59bc2770681516389ccf4940,female,160.1,90.766357421875,80.3988037109375,97.33193969726562
UVMzcuNGL27V5zxla6MePU3qTsKddVZxCu0I4JlEq6Y,male,182.0,97.33743286132812,79.41824340820312,96.07413482666016
59bc274e681516389ccf3cda,male,165.65,97.72738647460938,89.95777130126953,98.84732055664062
Ay17AXkv1EI2b1Cp-qH1xBuAKF-bNQVMEYruSbLCYxQ,female,164.0,93.997802734375,78.54553985595703,100.69172668457033
GuzB5sQXsi21wqtnIQdcQI4aEX4Zx4J9P559gAxtV68,male,181.0,101.92698669433594,81.60482025146484,102.01351928710938
2A02K7VTiazsZPJow1JvfW1rcmsCwRcc6udVInDdVfo,female,176.0,96.19219207763672,88.24603271484375,102.61275482177734
upa6foQNb8RjG3rcyAiG0Np9ls0JeJ_nBr0CRoL6I5g,female,161.9,95.81107330322266,79.19486236572266,101.459228515625
ZyowiYX8L8XtW0IlnXk11FS3O5ykejtE_AE1Jbn04Vo,male,180.5,109.57711029052734,96.6432876586914,102.8577880859375
aOP-obSvqI8vPM2V-KklKO9GJyyF8Cp8QLA1u9qXe9U,male,176.5,105.67962646484376,83.2081069946289,97.40557098388672
ztF-PzganuRaZfhRBc44RANbhV4ff1VVXHRe6MgDYrI,male,186.0,103.85102081298828,89.35594177246094,104.0192642211914
59bc2757681516389ccf4018,female,163.85,88.30863189697266,73.19129943847656,98.54338836669922
G8cSXcCF9RyYdLwbhiH-x6yvLcuXMaK6070kee5v5gg,female,155.5,86.9765625,78.31143188476562,97.46316528320312
nz721hZrCwq7GrpohgBOLERaZ2oP-ABupauvqlS45fI,female,161.1,81.50850677490234,70.97352600097656,88.06640625
Wqssl24T6OXtJNCKzlxZ7tvg3Z4fGvEb3Qq3bnt1QDg,male,175.5,100.46249389648438,88.07707214355469,97.81822204589844
ciob9bPgUpBxkXNd5QvZSR_TBtrxFuvmhpKmAUTEs4M,female,152.4,78.14822387695312,66.39185333251953,84.40968322753906
icoAL0V4eLYR2ZXjKFajM7zpX2c2NoyM-ZOkRzXkJUs,female,155.75,82.82658386230469,64.07048797607422,87.96517944335938
lciKkBG-mwiMmZ1T6ANT6F5n0r4yrRqOU7BkqpkFgQE,male,182.5,103.35475158691406,90.61863708496094,104.1417007446289
ebzW4IRAtta9xnF_UqpCR6znOTmH6xo4Hp02dO2uo-c,male,169.0,101.48078918457033,96.6682586669922,102.7355499267578
9rYyXYgQEdGYY1PiFKxNSlIMG_TULgQuWUfzZOvk6jo,male,171.6,89.8358383178711,78.25338745117188,90.26660919189452
rhUrMSeO7Nb-lPQHSDizeYFdm1ZkYzFozoaL92zkAZ0,female,165.0,81.40648651123047,74.03398895263672,90.7037353515625
xq2OIh27XzHoWNtRfbtljxw4I9km2YNi_ANqzt_i5bU,male,167.5,105.72997283935548,82.97344207763672,97.58106994628906
59bc2768681516389ccf4677,female,148.9,97.41832733154295,77.35069274902344,96.04907989501952
7ke7UMIYWHM_gjwwcWYRDu4JyVg8LPRaVC03w_WOtwA,male,175.0,106.97144317626952,99.47040557861328,101.27828979492188
Ranix2Ep61ZJ4Q0aWteK6smrMAD3jzKDODGy4mvFk_c,male,186.5,101.54251861572266,90.98228454589844,103.17796325683594
h9CrV4Bja5J7GcDHh1nhtwlNL-G2dstWVh1H9MVcwMo,female,169.0,97.2742156982422,84.4889144897461,103.59315490722656
Kt0GsE-I7kELdwI9W4UddWf2678GShfelphWFdlEfgs,male,155.5,96.96343994140624,79.24449157714844,93.32987213134766
JzUFURmryZAOZBJnIl8-sVLCj5Rc9ZuYnP0LZz7podg,male,174.5,102.13223266601562,86.46895599365234,100.33535766601562
N-HpjhR4e4pv_lil_breZsD2Zl6rchnUYp6CN-OId00,male,166.5,95.9679946899414,85.65705108642578,96.45315551757812
59bc2766681516389ccf45b4,female,173.0,95.5386199951172,81.44903564453125,104.7808609008789
pMnXRR4wol-MqJYDEWJNQo91TG9sdN2LJPzQEZjnroc,male,163.5,98.17074584960938,90.71430206298828,97.1396026611328
fO2jnSR3u6zmkSHUY9WmMNpn0EAiZOuAGDwzKfoWQJI,male,180.5,104.94113159179688,95.94831848144533,99.38377380371094
5uUKnbSqv9aSGLFdTKky-BMjYiXJrekNriewE4Fg_Zg,female,157.0,81.45320129394531,68.32046508789062,87.61358642578125
yG8urEXMQwYxRedKdQ0PzhAnG6wRRQ3Qhkcivj4uxSo,female,162.3,93.54497528076172,77.1597900390625,95.0470962524414
NuXfnD6BDa9t-UxAqHbYWS36vC5ynKDL9-C_Uj8U0OA,male,176.5,102.2220458984375,93.5368194580078,98.9228286743164
rUaxG5kxy4etiiPjgxnSoJG7w6cotHpyuuo-nHkSccE,male,188.0,104.81856536865234,97.51077270507812,104.88764190673828
7P-Mb8y4W5FBXKDQlliDDiP0k3jZW1K1eJrxSYtkc7s,male,186.0,105.72036743164062,92.07071685791016,101.4393539428711
bR3I1yOGXZCEzApk8vSz1Aa2WcJKCj578kyuYRIw79c,male,176.25,103.28746032714844,82.20198822021484,97.48824310302734
13pX7gY7asIuwkUe84q-h_Y4ih0x3AWA_elpNZmNBKg,female,168.0,87.31368255615234,67.684814453125,93.66131591796876
3Vo8ABg89h201AlXzvzagbw0IIvECoAtA3-Bl8PxAoo,male,160.5,96.22572326660156,89.45767974853516,98.95613861083984
7uD1ejHJq3208g6m6wfNy4he1oXPQXUq07IAQiOSlFE,male,177.5,98.93587493896484,88.09857177734375,103.86245727539062
_NoqTGuJDuoQWkCe0yvPsiv9VH2Msb5-h4qJGaAHMwA,female,176.5,99.3597183227539,86.1678237915039,103.4146728515625
D55ePLeosuJRzKB60hOV7jV6enij57Je8JupMd5pGUA,male,175.0,102.31094360351562,96.9313735961914,99.3582992553711
u07G5TYMFbF4QzK63kMFsfARkajwYnT-rdQme1PYiSY,male,169.5,91.73919677734376,76.5005874633789,91.95911407470705
tSmlCyLORH6VB-Q3-KA93xMd9htfy-YeQytwIAsApCc,male,171.0,106.6331024169922,87.93340301513672,101.92881774902344
dx17OuwfKm5FocfCZ66tMZbAu9cwDFy4bgR-Pdkl6U0,female,160.5,97.23680114746094,83.50596618652344,101.90892028808594
THyMoUbPS8923SdTi_Nw19p3_ivBGhcZKjHw-IKT-pU,male,175.9,105.3884048461914,95.52294921875,99.00331115722656
IQeiBIfv-Kmu0xME8fnRBZePqh290USy8vCYzmI6lLc,male,184.0,104.2164077758789,90.4116668701172,103.86868286132812
irp9xnYo9ZcKWpPaJUa56QEJ16_8WXAyFIWaB99KIqU,male,185.5,100.71510314941406,89.80782318115234,99.28267669677734
ro7fbgrTpvIYxNOi6U2xNVTW0NgXJavWXzbY2gww5DE,female,166.5,86.71206665039062,69.64300537109375,89.23524475097656
3xVJO9HyrOrQkIXXjdqeHftluBQ_Jkt2Tn748nJt9gk,female,165.2,95.77833557128906,82.2266845703125,93.29840087890624
4BXlHd3dwVd6PpZncEnIpr675Ozub9a3aCKVl2bfRdY,female,168.2,95.4163589477539,81.9393310546875,100.599365234375
-5iHTazqnmWBsnUY6ymoCw1kORMymRDaUla1eNOjgvI,male,185.0,102.39127349853516,96.5964126586914,106.04412078857422
oI_BOnigfzo5Jsd5owKqNQ1kATGsx3AM4knkcu9Uato,female,162.1,94.43299865722656,82.09077453613281,98.18383026123048
JS5KxnxLKa3JbwIPUjnGW8Q4Chu76JJJ5SQBsOape9A,male,173.0,100.22013854980467,87.8822021484375,102.2336654663086
Toz0icy6zg4N3sYsq5kQ4LbEARl-JPPctQSFRY8WgBw,male,177.75,103.84754943847656,97.67372131347656,103.5114974975586
sXMhWLtO-Da_hqX7tZlbP-bn59Js2Y0HD97v0XootWU,male,177.5,95.732666015625,83.97235870361328,95.03343963623048
4bBr6L-kFUuzyOWO3vI_4OGSbP_3WZjfIF8OvUCdu-0,female,165.5,91.48159790039062,72.17577362060547,89.28866577148438
-gXu1nZDGq7CwAyObp3f3MhE0r5BBxuer9T15M92u-U,female,157.25,92.39200592041016,79.95699310302734,93.67941284179688
tdtyaZRYmZKM-bdblH0FfyZkcbUtz1EvV_2e5HyXCR0,male,169.25,102.1661605834961,78.27714538574219,93.05916595458984
F9ns22JyvIfwz1r2OKVDzNWBQe5C1hn66zyJIMuyP4c,male,176.75,100.99220275878906,90.03923034667969,99.96643829345705
EgAn4qfF1YOH7RZBjbsojaPsaXZSGwT_7vI15Ri1Vj4,male,168.0,101.57449340820312,88.17132568359375,96.0385284423828
5_m2-TYDAgPpC0RM31LQ6jzDxAXdYr9vW4q1fXj7ypM,female,176.5,84.14324188232422,74.26959991455078,94.30027770996094
QTYeuzfnNXU4trG76LSA8XR3m8gbpDRBEhaLvMffJ1w,male,177.5,99.4595947265625,91.8591766357422,101.72669219970705
IvCNsbRv3wHMgRl6sQUrzAn36i8TlTm0_4uXheFRrXI,female,159.25,91.89614868164062,87.4122543334961,99.0546417236328
BsfJzTZxaGixB_zWMI7Cy7JNn8EAkY0gRBq12NeV33g,female,171.6,87.1081314086914,74.1814956665039,93.74787139892578
DTjqT-10YClWQzHylJUcdSeas3p3DzwsjLzIP3ixZ8Q,female,166.0,89.95193481445312,81.41722869873047,101.4143295288086
RQq_cqoXxjRz_clDrc-_WzDZjYVR7-wSKqcbn4WSwSE,female,154.9,80.66494750976562,65.39279174804688,87.29716491699219
W2fLwg08JPv_ss2ekmFaLRwOy2yWqg1Ktl6tf7Y7tHI,male,184.0,104.210693359375,84.31804656982422,102.15104675292967
0D-8Ft39MufsfV1e8PSPutSzSJ4BYLTcQYupqyYs52c,female,156.2,87.34469604492188,82.19783020019531,94.67545318603516
EVzxmfGWPMsEwiPrz8uVa7SgSaddRdIYfmRGS-11j7g,female,160.7,88.31717681884766,75.9867935180664,96.87064361572266
taNdJwWqZQkNVTvamZvpGL-2JtXXAHxTeSdir1wkvCc,male,170.0,101.28443145751952,88.8045654296875,99.0881576538086
mDACIlaNmQ7lp0TMSe1FistXFwAFa2uKV4Hry8vADdQ,male,182.5,92.78246307373048,80.81135559082031,98.1235580444336
_O3eWXWBEcfW9uCXMVYkA8quiRcRrSxyU8W8UYsGHqk,male,178.85,100.27538299560548,86.22887420654297,104.3233413696289
14jpgC_nNGPOffvAQo4KbTLvFLaJKqAloOYHFvSaP14,female,155.7,119.11448669433594,98.3752899169922,108.58586120605467
qrVKaC58VtESle4b_JRoEpCYYt6Kmyooh4yY5RpFmkM,female,171.75,87.41625213623047,71.99418640136719,92.3967514038086
MbI0nuaGlMFelp1gYz2NnBZ3E9Kqgno4bxUrxlZczOA,female,157.9,81.4870834350586,71.45170593261719,87.29022216796875
BFf4wYsA_fQ-YMPs6O0OdFYmwJu3yHbU7_VTRwuvf-0,male,167.0,95.70613861083984,89.25454711914062,97.9753875732422
65UyB8JMCYFMX-M8OoS8ux5lzr52EmO7TKJ9o4v8ESs,female,160.5,89.75521087646484,83.94640350341797,100.3193359375
1D-rS4ceivG5o5yI7oRT4XD61IjRxaI_SeFBoqHYems,female,169.5,93.39962005615234,78.13336944580078,100.67453002929688
wyzXYq1mCO53i8GE8uTF583tYOYGA7-eQOjJp1xBalI,male,174.0,100.9427261352539,91.09764099121094,101.2449188232422
6t7OLR19CUjzeFvjIlJCko4zsiMW1np0ruv4NBUiLt8,male,171.0,95.70152282714844,87.15933227539062,98.62049865722656
oPk9abx21incMw-PVVX2KFDa_-S5yjwVTV6p77DB46M,male,175.75,95.98687744140624,92.57699584960938,101.0166015625
m3-xxrOtkDHwzPWWmH0k2JhHuxoCvZySmVljoy4F8JI,male,167.0,92.7120361328125,72.47811889648438,90.04129028320312
GDW3GQMSnDpsEPkbYoxPPqofr2Ig0xgMNM7Q67b-_7c,male,169.8,90.26066589355467,73.44586181640625,90.1410903930664
ytf4AiJs29Zl0YhmcryHTenc9awbx5rimRO5Xixg4Po,male,165.85,87.93464660644531,74.29235076904297,91.24952697753906
nmwUdkQwCmcQiJyo6rrCHuV28ZxXdzKhtDLzrY831HQ,female,163.6,88.38529968261719,79.98489379882812,97.54821014404295
6RjLFy9w6Mx-AjP8ql4pPU0mBe-PVc1jl3oWnW_CNUk,male,179.0,98.67526245117188,90.6261749267578,97.3862533569336
3r0Bgj_s78jIbt2dgsX--_axAQCopMgv6saMICYamno,male,165.5,90.60086822509766,80.09426879882812,92.42122650146484
bnNv7T2_7hux7IqxXjaSdDR8jubko2wVev2GAwrRKUk,male,171.0,101.17919158935548,88.21562194824219,96.57582092285156
he2J46C3Yu3aEUjwSZiGDffpiIUYTjC2eiFlZld3Dzg,female,170.5,90.99691009521484,79.71310424804688,99.87811279296876
3A6D14akEnvm162prYgUC0VP6OEeXbRVm1Iq7eRTsEs,male,176.5,101.1084976196289,91.96467590332033,98.46451568603516
91hkFkRlHkbUc_v76OqSfOTGr0WAGZc4nJqeGTs3GOs,male,166.75,106.71226501464844,94.4760513305664,99.25250244140624
WE20rjmm2CWU7RMyJrkGe2OthnP6RSvVxq8cLneGO_g,male,174.0,101.14362335205078,94.07991790771484,102.531982421875
BcfLjoZiAgGyAvozpMYCkbXsM37U12f0bmXpYN3dp58,male,164.0,97.44532775878906,86.79288482666016,95.08493041992188
XhdYYyUbTJ6rCqfosof2q-xfn99gTX2LjiYqYPTsc2Y,female,161.5,88.17365264892578,79.76911926269531,103.33838653564452
PsNriiQw43ZxP6OA1jYF0Ie-2PGjrntpETaX69ye71c,male,165.5,88.2442855834961,66.3683090209961,83.62641906738281
X9PXsR-6P0aJrApLb5U99rVuj-a7ZEg3cT4_ZsPdjhY,male,180.5,105.93087005615234,98.01013946533205,102.84925079345705
w0478BRgZeaZDHTp1jKrUoDgcAfnjTpVDHhWvxJHWIc,male,178.5,100.04826354980467,90.2196044921875,100.90640258789062
I10ukfr-Y9oCFwgK_PgR9aQN2QJQiUp0RdZ6t-8q6TY,male,180.0,97.5687484741211,75.66338348388672,94.51870727539062
O8Q12m9aQL8_V0h2VNlUGSRNZmbsbcusAC3-MFXLUk0,male,168.65,104.90133666992188,95.22377014160156,101.82730865478516
fOCheDvo1LbFwYLyHekXDBh1b3ph4qo4v8rQKfe4kWQ,female,162.5,103.38648986816406,93.05162811279295,96.59764862060548
ENgw2m_MNUmwXsw6B4gqR0zeU-YRSH_QSuLOAD1qcv0,female,165.5,93.5055923461914,85.86409759521484,99.9712905883789
0_Be70jSUDcGB5ClohaaXArKKavaPoKiI0b8OAnJFbA,female,166.1,100.0691146850586,89.46890258789062,99.21615600585938
EieZVPA-7JeO9Em9PMbaImzut1JlGA7oaWh3ou4h-Vo,male,177.5,101.82311248779295,84.2115478515625,97.95098114013672
So__VCY_i8yV16N2gU6_7dHN_WwZHMxxjcUHsNU574A,male,178.5,92.28739166259766,79.52361297607422,94.09738159179688
6k7pRulKbBl3UUsj1Ai1CMZoddcRhpSSIkTBRp7VoZw,male,171.5,102.11894989013672,90.30829620361328,100.73084259033205
z1Cj8-tPo7XuylEL1c1i8tcUCuQqRBQpmxaGq6HXPG8,female,141.0,88.13021087646484,76.6415023803711,88.25472259521484
lnscEWH45_MGVPJYyOncmppFc7Ujvf_LH2hvl_MGtOM,male,175.0,100.68138122558594,90.8277816772461,99.0605926513672
l3RUA6WnT3ZgHcRQ26cTjxHwJhdd1CZhG52_CZR6k1I,female,167.5,93.95440673828124,81.999755859375,99.79049682617188
qC0CjHxBS8YG9nJlbKCjTagOLAuGjeh88yhjMdpJTPk,female,174.5,86.93603515625,72.49910736083984,92.36351776123048
rK2atJFxHpSGXjwbvuYsSDsE9FuZYBY1-pTFM4NfxIE,male,182.5,98.62847137451172,83.82186889648438,98.53704833984376
E0j_IAN4AJLKZCIAGxPEeF7iyZsMLi2O669WH9zPnkc,male,188.6,97.7951431274414,80.6071548461914,96.80429077148438
kVM9QASz00QiqQUqerI8IdstVAmfwA4h45LsvqAsvcE,female,177.1,99.91404724121094,94.864501953125,105.4782943725586
CZWB0NkblOqNNXBqmUX35LqKjFe5e5JKVsSf6R4ER84,male,169.0,93.25616455078124,81.22975158691406,90.96075439453124
X-q9VE1Jm8Nt7O3_HYRJe_Xask4oljYK2_N6kA3TUKE,female,166.5,94.20703125,81.66771697998047,101.85777282714844
EP3nlJStPZoBk24yoJJ95kaD-CzK-Bwt7UeWZzA2Tic,female,159.5,81.74893951416016,68.25617980957031,88.84244537353516
cnkorkfNKDJlkeRFQnrTlNRnjAGO07WOzS-IsHQFOnU,male,171.2,98.21810913085938,84.02510833740234,98.94873809814452
_dZv9Lx4QQaErGPVW8IDcAvXFt3o_LYh6fooPl_Gznw,male,180.0,102.18827056884766,94.76937103271484,99.3011703491211
bxaHd4R8VtYmihv1nY_tH_aBpzVjqNQydX1k9M6y_lQ,male,173.5,96.0507583618164,81.56673431396484,92.80911254882812
r6LX8wM1sDhOh00gUNbyvkIxaMi_IjeFBIPyT4nH2eU,male,165.0,99.0755615234375,87.40501403808594,100.63097381591795
NPC5AE7iwKfWfpBfXabJrkmqPUFfC93c-kUzJxIlRpI,female,166.7,86.80612182617188,71.89483642578125,87.87229919433594
ir2bDyTnv-Kqq31VJM8H81onNCX-ZLfcRSJLOTHTHvI,male,177.0,93.41655731201172,77.948974609375,90.50387573242188
EDsQ5QTxPA6HU6P7h33H_tZj5Yu4TVqujzoI03f7PRk,male,181.5,101.73006439208984,85.33818817138672,102.03604888916016
Nu5Z5HISeZzUc04Yl7_s7jAd_lVljDYKZEnHkj7wqG8,male,174.75,98.87440490722656,79.5917739868164,95.8379135131836
RDxjKtYfF_820cUZ7zkbxP4f10QxD7eeLywY15TzAgY,male,166.0,97.3590316772461,83.9288558959961,95.68194580078124
HuaqelKzhTLHBzNK07gjfyWypynwdegHlQ5csd1h1dE,male,181.0,97.99263763427734,92.0105972290039,104.75032043457033
YyufckRxZ8zPpf4cXMTEiB6hKuQTMli4KLLm-HIIa_s,female,163.6,95.38894653320312,82.35018920898438,97.60655212402344
kClw6T0Yv79VtY48DiyFMfsuuOMwBprL3Low-oY3uFs,male,173.25,89.8720474243164,78.7353744506836,93.69266510009766
59bc276c681516389ccf47e4,female,154.05,94.76866149902344,75.33417510986328,97.2987289428711
7McuSPbjJDQZAl-MIhD3mwI9s0PWZxcD2COwRLwRxJM,female,154.5,87.9631118774414,80.04796600341797,95.03290557861328
PEHN1aqxst83Z9A4dsV9vlx4izfDR4pcnR-j3mGZQFY,female,163.5,85.69306182861328,68.22837829589844,87.35078430175781
l6-GeBGVeOEiQXIVpFg1JdGUeQFiZmjSiDr0ThLKCFQ,female,160.5,91.11739349365234,81.0344009399414,97.43856811523438
eRj17yv-E6_O8A3DNw8_DiHgSG1QmP5ztJVJRGBrca4,female,168.2,88.78938293457031,71.1854019165039,91.58099365234376
6pSoYMGobKGaplxJ9bYxiH_b0bpbbF-idqM7990uPYE,female,154.3,80.66305541992188,68.1148452758789,85.88874816894531
_VHnxraWanoiApLH0NaIPJqgEKK1kWVxv3nfm8_JNU8,female,166.1,82.604248046875,68.98149871826172,88.7900161743164
XgcPgqthLt1PRFuXfxp0O7nZeHNQffA4Ma-2ByOeckM,female,153.2,88.01104736328125,74.60954284667969,93.84846496582033
CzB2IamAjhffe1JtcGkG39D1xx3pTu59KJ2tEPd_fIs,male,180.0,104.57939910888672,90.439453125,103.58479309082033
vjdssqMEzyDoZ89vb54P5mL3DbNpgZKbqM9hsT_33jQ,male,167.3,99.36167907714844,89.00794219970703,98.8407974243164
aJzcJm15vAVWTYJqf9xuaqZRu-31GQoQ25Q6Zt4Ms8A,male,161.0,89.02671813964844,74.74717712402344,86.84835815429688
rsEsfaP1dnCyh9yJzWRO0Ku08gXboR0XWeXMM2BiiGI,female,170.0,98.23678588867188,82.08526611328125,100.90506744384766
pfP1nZB-5-E3EXZwDe2oFWA8ymDVcLt0kfV2IQOmGlQ,male,174.2,100.53466796875,87.8251724243164,90.39496612548828
MmlaGbcovUveI_4bIkPI7PtbtuIXmJXEuh7PcWd1vs4,female,151.0,92.45171356201172,78.86099243164062,94.26324462890624
zK_20ZVlXng8zxikFeTQvkc3iNhxviWNE6NP7UqQZa0,male,169.0,99.53236389160156,93.70917510986328,100.85382080078124
gxiflT_j768yMiHgM2ekhrYdsUIwEqBzY3o-otW5yNI,male,169.0,104.51478576660156,97.45919799804688,100.75379180908205
dfL6a6t-yBs9tnc-sZs5Wmuq2lyNNzzf3PkHC2PDdUI,male,180.5,101.59783172607422,85.21235656738281,102.26885223388672
KhUMWnLuJuU_heHssK7sfl737LWj7j90yef1ZIFvoZE,male,178.5,102.8432159423828,84.7830810546875,98.99237060546876
59bc276b681516389ccf4781,female,153.85,84.38832092285156,68.54796600341797,85.55746459960938
z4s4b8bsC7hQF46iowvWZErMqEkCg5FbcD3UBMBDuAg,female,152.5,79.58963775634766,69.15973663330078,85.5969009399414
Cs-o0pke1roKv1voqw9fRI46nKhiUxqh2Ai_HQPSc0w,male,172.0,93.6809310913086,78.5647964477539,91.9397201538086
z-FjBHDB8lRvDHsxjblsHCwQlIrJX2ASn4RnA4icPCY,male,178.0,99.43595123291016,99.73389434814452,106.49434661865234
ab7bRafyY04i5PWb5TQgQVwYse8vy_gLByZw3b5_FYk,male,174.0,103.71659088134766,86.10771179199219,96.63868713378906
_9EvlptkqVJhx5r12_olf87n_ct3CrwwDE-g55remZ4,male,174.0,101.54237365722656,91.7147445678711,102.9206314086914
sorxnN9FtKKvZrZlIhYfhuPZY_CS5YNxCbNyso5F0Qo,male,185.5,100.27391815185548,80.60823059082031,102.63219451904295
UbhnstuOupSLqT1wAnBu3Ffc5cqLOsYBH9aZPeibkUw,female,157.8,89.6817626953125,80.06259155273438,102.44335174560548
FqXWVse9UG8RiotqnTxIYLZ5ILjuqw3owUBqr1BLAHA,male,193.0,108.36493682861328,87.72808074951172,106.76737213134766
Op7RQ5cjwd583mhbwbcgJgBkiOvpIBlAVzi07o2-69I,male,180.5,97.97735595703124,88.46206665039062,102.41948699951172
Qj2g7jzcDOidGBcyG5ZtqGApt97vV1BkLsdju4fRFSE,male,180.5,104.17018127441406,91.7761688232422,103.7818832397461
TB9sPWPGjbzUOXgBYGT78c0KJMB60oIDhYD-jGOIFmc,male,182.0,99.4350357055664,95.99485778808594,99.58292388916016
N73xUItebJGioWcFOIhTaSe_9DJboDfYZXXASeeTx3E,male,165.5,96.45443725585938,85.90416717529297,95.90192413330078
LxZJXKfopLyKPDPE31DluKRZFGvy5sdzmsHks_TyAPM,male,172.0,104.6690444946289,82.86898803710938,96.57981872558594
tL__KpRuQb31MRz99wg-6vFhlMCBokmPAMPJfORkXKY,male,172.0,103.60810089111328,93.90418243408205,98.49270629882812
G1cJvbexZIXKGdvja22JWyvwHdLKKmzp7oKBLC_GU_A,female,163.0,88.37898254394531,77.38077545166016,97.82136535644533
_NDKDZ_FUItQgPACP7sR3Ber_IfOhrcmJUINABjwdkk,male,180.5,101.75332641601562,94.65467071533205,105.31768798828124
2uqwQYJeW1_5NdLEZB6NKIRVqsMP1Le3OylPAkbrGdo,male,166.0,91.7636489868164,75.96746063232422,90.64873504638672
kS2l8BxM3FEOQkITlQkcnXc44EucNbX6pOL0_-l8iZY,female,158.8,89.70709991455078,79.7455062866211,99.3712921142578
59bc276b681516389ccf4784,male,183.6,106.2280044555664,85.74581909179688,102.11886596679688
a6C0JXb3FwINuo4m9L-eq9Nql4ky28br0h7l3MZd12s,female,161.0,92.7092742919922,85.1305923461914,94.61669158935548
V_0sGaklZkDdzIbLXXah4By9WGnaX1cyo3uSLJjvl1I,male,173.75,101.5002899169922,87.65536499023438,101.21452331542967
Tcsl1T7nm2w9g_-EcckeB3erb9nyXx-zel-M7_f-6Gg,female,154.0,91.57429504394533,75.27586364746094,94.76647186279295
z_dRmGW8VHAWcCqRqeHDiBPbeOEhjNbGnEmR2QMscJQ,male,178.5,97.96370697021484,91.42576599121094,102.52021026611328
2Q1z0YAxR5KlamR3g5E3v9P6MYZkNHS5Jc3oReJhaAA,female,161.5,91.56161499023438,78.16004943847656,100.95443725585938
ReU8t8rSsjxvbMQftiQxiI6xkDiQBKQkO1jJZTYJxOg,male,178.0,104.8997573852539,95.7092514038086,101.49368286132812
DoCDz-OXvZTOsLd_FeNcKDJ8P3TeHgw0z6dYdBVYiZs,male,189.5,101.31237030029295,84.34078979492188,102.7650909423828
i3SvfU4QENc_5cPFWOb7r5iNEumdNOYuj28e-Qw4J54,male,169.0,98.95430755615234,85.77533721923828,95.3001708984375
-wY6jmX5fMbDHGzalzW89SDwCtn9CsItOPr--Z2bKZA,male,172.9,99.2065658569336,93.46900177001952,99.77027130126952
Ygv8bachxIhg_xghC8vaHDGzMJJoVjbR7WylgU_yclo,female,155.0,92.54479217529295,79.52766418457031,91.8005599975586
Wx1Lwfo7sxMWqawYX02arJQ4mrLCJ0Tf-X_zSQ4LV3s,female,171.0,83.91703796386719,72.975830078125,93.19752502441406
LXRxXZEf4KcT-1ZhSPBZnGYn9E4RvBj5eLY0O-yOU40,male,184.0,92.63238525390624,80.32190704345703,97.92893981933594
groYznJWvyAz-DVhjBx0e_GsqOjzWjWwfQLkrVaAbjI,male,168.0,101.32347106933594,85.12017059326172,97.75373077392578
_ToIEVbMdssywyK_y8n5Cx3IR8U2zzLK93pBjdJ7Y-8,female,155.5,87.9968490600586,76.20645141601562,97.2513656616211
ZMzqnKx9IEB7ltrIt44-76BTn0aauxEmHijcPu4l3Ws,female,173.5,88.4052734375,75.11170959472656,93.95098876953124
K_II_ceJULbMT4-1kDxWSxcLNVQVQ_xXiH2yEzIwerw,female,160.5,82.89474487304688,71.36932373046875,88.9882583618164
ycUM0ZvcGbWhQZfMY8CsUGDEeKHCVveSPSBvhkmkmv8,female,173.0,88.56609344482422,82.36825561523438,101.2458038330078
wrDOCu7G07S5kJa1UNP7ol5UvBk_emF2JM7U3KQNJjc,male,184.0,101.53155517578124,92.00662231445312,103.9255142211914
j1H6kmxPR1dumtto_waJe5rCygfk9sNE5DkzIuzL4DQ,male,186.5,102.44938659667967,88.40802764892578,102.85953521728516
ReXksxD2slcyWPByLyLntNmLGJITrJkkgxHefm7FCSw,female,161.8,85.64399719238281,69.41626739501953,87.1273422241211
TgS_yYcLOuY7Of8dI9_BSUucaGg0t0RTQETeUmtMiio,female,161.6,93.5746612548828,82.56342315673828,94.65801239013672
M_VIme6ZNwUHowz1e0dEdO7dB4CUb4nq2g5LJrboM_8,female,154.6,80.30040740966797,69.34584045410156,87.94577026367188
6PZ9cpIq6FDbMhzwtoeGDW5kqAB7XS14Bl_f2uxIbJw,female,171.1,87.70233917236328,71.74053192138672,90.62105560302734
25wYmWQMyMINDvTLdFBqo7DqImxYNxxYGoTBhGM2sIQ,male,173.1,99.3706283569336,87.77257537841797,99.94602966308594
AR7uEXdi39EGZhXMCi74TR3E_kgSL3w9hQIhNDM3Y0U,female,160.0,80.97110748291016,71.79391479492188,90.0818862915039
amEDnKtN0mlVtFnGUdW68D52yrYHkxLH_-SZ1ALS-sk,male,165.0,99.2917251586914,78.87419891357422,93.28776550292967
VCZBbYfbLtmQWeydeVulgudrHg83qDlmEdDkDmpXXoc,male,170.0,98.0354995727539,85.38829803466797,97.32343292236328
YLD1EXD6oxZqpDO1ANkUnEjZKFGKXusbpe7E_AZEZDE,male,174.0,90.36593627929688,75.71675109863281,94.25743103027344
-QVnfQ26qAbPK2NBge_b9gErXDn4CdOYWdc4fILEjjQ,female,158.3,89.4739761352539,77.15232849121094,94.87220001220705
XDlLYeoupIRBh03sGL43Yc5pEgEXmwIRT9kSIddJTFA,male,174.5,95.04808044433594,76.79944610595703,92.95320892333984
o9nOvUoHnwP2VDsgiu6eWZT9-w2k3xcdrXzS_3USI6c,male,179.5,102.65789031982422,85.88640594482422,101.01305389404295
vTYEdUF_1GnwMHC1j4X8J8i3IhfRvoxxQGvNTA4S3W8,male,165.0,93.6526107788086,79.9747314453125,89.45500183105469
1KrwWNhtm7WrMFYURvkl4aTk_3kOdqtVURRKQoYX8XQ,female,162.0,92.93629455566406,85.15086364746094,97.92972564697266
GwJ56ys5D5VT_bl-eBWoGeGqe-huZ-FDPf8tDLchjb0,male,177.5,99.08656311035156,87.91496276855469,101.96844482421876
0l9HwamjLJaTR-xGupD3A3QEifjvAZCHHfHJaD_68Mo,male,175.5,98.67180633544922,89.6758804321289,100.0540771484375
xBVdQpbiLJF3BxoZtzn-OHZMPcIQMvkLWLdOaCfZ5AE,male,175.5,99.45130157470705,88.62686920166016,98.0517578125
_pb1fpnX8GCmFRnJt71zDr_dzaclZgjSf-HX3-JZ3WM,male,186.5,96.50366973876952,82.7206039428711,96.72562408447266
_JWBlHYULQvH3q9J0uZpg3AXHUE3AlJSS70jLgBmTw0,male,179.0,102.08688354492188,92.48706817626952,99.2427749633789
1jLl8NjQyHVM95IHGnTZBxoQ4OX-3fbF06vMmE6Ynr8,male,177.0,94.75981903076172,85.09166717529297,95.64967346191406
WWRWI5zvrgDBIFY0RAY7NEVaRNVtdxVW_Vn9CiBJS-c,male,170.2,103.7671890258789,89.01786804199219,98.2483139038086
FwKn-jm3nCeeL0h6WpYdyUgAQd9jn1r7V1DlVSacAFQ,female,159.6,94.0192413330078,80.23253631591797,92.5561065673828
ei7kFGHHZpMP_8LU1tqqDxQxHmXgMeidPgIlpsON-JQ,male,176.5,102.7986831665039,89.3730239868164,97.50010681152344
9PSYt1QA1V2LuUeB87QfewhVngE7TcysOfWIMO5ElTg,male,179.5,95.5690460205078,78.3401107788086,97.18682098388672
ESRIqrHhBYXiO2QN7t3PaTybQ0kJTQnfg1X9DvyeUZA,male,174.5,101.7036361694336,88.5685043334961,97.70586395263672
ULAkWQQSnY297whLCEaFWc3LYv1EBLria6tOxBRiKaY,male,183.5,98.00691223144533,82.15650177001953,95.8924331665039
ilRKRNq8J_jHdPlMvzPJfgEy6-hTFLYdE4p42w1BsWs,male,172.25,102.72257995605467,93.3878173828125,97.79349517822266
7R3ZLSU3UC0OzNPDENGA8_CmaR-zVyj6DcbSlEwQJG0,female,171.3,93.8492202758789,82.22610473632812,101.53374481201172
7pFmxlMPyAr0x67uq_raVRLfaYlNf23MUYOCFgQA-54,male,178.0,92.62500762939452,74.41808319091797,93.90094757080078
jRVVmniEjFboTrGpJxCsUEV58h5yev-85b1Oag7Kgds,female,168.0,86.62699890136719,74.68973541259766,91.51358795166016
2MFLnQLsH4_g6M6jy-uwBj_Al558-7axwV6hulPAESc,male,173.2,100.3293228149414,84.38748168945312,97.62066650390624
TLI5z5j7y9XIr6a-acw6-gcpuKN6bHj9IOq0Z4CdvN0,female,167.0,97.99847412109376,82.23104095458984,100.7634048461914
eS_E3lqz755Y5RVVv3xILlAD9JMgrqLwWnDkGdehwrc,female,160.3,100.35738372802734,83.85678100585938,96.02185821533205
unOs3TADGhrMFaKkg4_Eo5MgwiFhSjq2QKcXlW71pII,male,184.5,98.4990692138672,89.8643798828125,97.58959197998048
P04VOrUsLTX6SIW5Iogjg7m40YuLGUqVBqRSEFya9GI,female,168.1,89.87501525878906,83.38399505615234,93.13259887695312
yI3ggbDDMGbpyUyqLMB2ESSttV7sTcq4Q3sljzli3-w,female,153.9,98.42076873779295,79.27922821044922,100.84725952148438
Jrj5n1ZRDtJfs5p9dhCAQGIIYkIbmqF4YZs2QdqWE6o,male,169.0,101.0793228149414,87.67097473144531,97.37413787841795
88QRd9zVNyUV1rWgV6RP6G3T3bDD40m_dqQbc37GZWo,male,189.0,102.95167541503906,93.01689910888672,104.59113311767578
EBFIHGLlPfeXlotkyUFlWP6VUxGoWbXvpo4jB8ESXYo,female,165.0,95.25982666015624,78.92514038085938,96.50726318359376
5sX0pr2d25brSxyDduPE6bR9NiPFlYJB_7iiFN4hzdc,female,156.5,88.67608642578125,75.54700469970703,94.25062561035156
JIkt6wDK1RSR-WaCvrR5uffSpECG1ZBCEhyBNI8-KiM,male,191.0,99.86577606201172,91.51495361328124,102.1405258178711
eaJoNIErQRATPzMdDYaFMDm48na6oTqp46Z2a_Ttfnk,female,155.8,90.1369400024414,77.8503189086914,95.05551147460938
EdIZ4UZyPF9NeVOxjGlJKATWntX22ts3CfBx99chEmw,female,158.5,94.46862030029295,82.6569595336914,91.27165985107422
mggKD_qrTacSXiWfJBlKFW_9UubvJYtbeJVGPXz_ScE,female,162.4,94.0383529663086,81.78167724609375,97.60199737548828
IVZsXcxTQUz90kwtRiKB4GtNs8mtCn6CfhIUT-FImgA,female,179.0,91.18206787109376,75.31339263916016,97.8795928955078
ECoa3Ple2_VClgZ3w6ArCH22bluCUpp5c2egmx6k6SA,female,170.0,87.61341094970703,74.36711883544922,91.67475128173828
nU_YrRd67Uyc4OjJ9yonyyfzsYLBPYVuQq3ACDVJJ-M,female,165.8,82.11711120605469,72.7658462524414,91.11216735839844
lIMBdxq-hL2x3khzzweWS3Utwae_OMRtc6VCQFBZzok,male,174.5,98.98477172851562,79.90423583984375,96.3433609008789
a27zN_rxs9_WUzl4TsrXOg6W3ztO8D7OlEVSLVa9Or0,female,165.5,87.77709197998047,75.56283569335938,93.91118621826172
XI1sGfmvQgCa3yNalqQWwxatqzp90nppgjh9rTRyVE4,female,164.0,87.9096908569336,76.87220001220703,88.47538757324219
w-YeNUe-dKCz4cUR9xfHme26fV_mCW8c1dldhYJX7fg,male,181.5,100.60564422607422,93.29222106933594,101.48737335205078
XQQ7uvi1ayiZmZ-ZTGywFjff9JKwiM-S18uL_-Y1hbA,male,179.5,96.87195587158205,86.78050231933594,102.13385772705078
_o3GopuYnrAIwiRGyiLGWHVzEc4E45tSp0AxxXA0n-g,female,156.7,88.72433471679688,75.47238159179688,95.89414978027344
R6OR4DPv36jHJz2ItpP30U5G0lKe8AwmpmbIRVOScHw,male,175.5,102.78975677490234,92.68464660644533,102.8343734741211
-67TrwlJ3GSsqPeHaa2Nb0iQ-BKZfIx4ERysQPZ0-SY,female,144.6,93.62777709960938,74.4008560180664,87.13410186767578
3HTxlEply3gwyMnwXZ4MJiN0FwDmsLLer9CnROMOtFs,female,173.0,84.57298278808594,73.2947998046875,92.355712890625
H96X3Mk2kr5Ok54Lck9oR93rz2WR7maI1yuww5V37Nc,female,170.5,93.3105239868164,86.07927703857422,100.24728393554688
9jXbtUEAC1zTPfk9VU4udah5F95qkUZMWnDZc81mDVY,male,180.5,108.3513641357422,94.6413116455078,101.74373626708984
eLjIgnMlJKfK6MIRaGa3HCfnXpM04E09QXkGiCxKJAg,female,168.5,87.28904724121094,70.95368957519531,91.14764404296876
ukP5jeVth41W49uCDHzCO9ZPBR4srWQKb6qG9Onwlzg,male,186.0,101.98214721679688,86.06751251220703,105.6092300415039
Z5ntNTIvmbC8CIfxJ0hC-k3JY-9mizxwmaUDuf9givM,female,166.2,93.6924819946289,86.24775695800781,99.4054946899414
p86gFKi4pupsfPfBKxQfGWFRh8bDdRQ7MFJFmDT9b6Y,female,163.25,80.97703552246094,74.42687225341797,93.61149597167967
VBCbaA2ifumchk5h2MAWC8fZCUk7bvaoHAKmJKFkRMY,female,167.7,88.90450286865234,77.66505432128906,102.93463134765624
T5MA0-DqcnegkRCcyq0d2SrdrGndkkeB4kc0Z_V_Kcg,male,175.4,98.9196548461914,92.60407257080078,98.19730377197266
XxCUXp4Q15kjEVTx1Zauuc1bmw9VLShiAj0sif75dIk,male,170.0,103.4585952758789,87.28895568847656,98.17353057861328
59bc2765681516389ccf4530,female,156.4,98.407470703125,85.93815612792969,94.22520446777344
V_k10O70CXqxv0hbcoia6T1Jd44tYlJ20TzaInUo3ZU,male,189.0,102.58453369140624,96.39287567138672,105.13650512695312
HZfMQX6KnquJMJXRitVrl-Wcn840Pu-v-EPxoqxC6PQ,male,174.2,94.55587005615234,81.12265014648438,91.5156707763672
MWcbN_WLcKpMM3QvM_9zIBses2-kdsq-PPVRQnUOLR8,male,175.0,93.3393783569336,77.35391235351562,92.80746459960938
COBCfW9dpPdtWTJu2CzyQdM7de12tj2ggfL7I-Dy1wU,female,167.2,92.0629653930664,82.562744140625,99.09668731689452
_enn4x5S7iiW8K-ZLHmdBZMHBA2gPAu9l2BYrsrMFws,male,171.0,99.91482543945312,80.64836883544922,93.81145477294922
WpN_vJWJQyUl-xcQ22hQiEgW_Df1Cjs4wR0LsN_Ye9M,male,180.15,101.3183822631836,94.45797729492188,104.16175079345705
a-HTa9SAriNkAGXwse-2uoHH41eWrPaygLHxsSLhZRw,male,179.5,99.00499725341795,88.70306396484375,100.1296844482422
16g6TwQ2kASxk7A66mydC1_YTQ2uY_-eDhUVKIRiXgY,male,164.0,95.91622161865234,85.20823669433594,94.1266632080078
ztYNUlq8M2d58t-fX1vsG5-JWNdZgtlUwYSBhDuryf8,male,192.4,101.34820556640624,86.36736297607422,97.5254135131836
lnaW5eQLv61loM0r1xTxYJ8wylCmL2XFYwqONdjUpx4,male,173.0,92.09445190429688,82.69633483886719,94.50408935546876
o8I7BC05vsyAYnyPOuAj4_XmXRQ9jB_gHDSlzU4zXUU,female,162.7,88.6747055053711,75.71578979492188,94.17528533935548
6nhmektE6ad0XnCmzOglnMvhYkol8-HBL1KCEcdKSPI,female,155.1,89.5548095703125,78.63582611083984,96.46232604980467
59bc276d681516389ccf481d,female,164.1,88.12897491455078,73.10320281982422,95.5022430419922
NXeAR8_-o_dyyX6WZjfWxsZu1A-ubHRXI1TGILQSsgQ,male,187.5,98.89898681640624,87.99107360839844,98.1607437133789
Tl1DIq7LCXOu6GG9TyJKbI3an7F3dSdeVdjao5faPfw,female,163.4,89.14769744873047,77.04826354980469,96.7431182861328
7_TIgScs7UCprHSsOhg5cme6tH5jjsX7YDUWJwgd-5Y,male,186.0,92.36580657958984,82.77281951904297,98.55093383789062
aUXNEjfJ4oGoLEHnbX48nwPpMortiu4TuutuZZ3jm4M,male,181.5,102.31777954101562,88.51956176757812,102.45633697509766
7n0boQVkWn9FXZQC47-m98LfqkDcA8eBXtxbVJTFZxE,male,166.0,98.1243896484375,92.97161102294922,100.0888214111328
tUXZCS0cx7bOR3x4zowjYasfwlwLZfwh6XaJ2ki7RO4,male,162.0,95.85226440429688,88.22523498535156,97.89089965820312
VQDsKkfK8ABIqEsMta11j61WsZK6VYMZBo1Kv7NmoJI,female,161.5,92.48541259765624,79.94087219238281,95.522216796875
-BdVKIwm3OGEfAEB56ar_HJqpYwmLXwhKKlyF0Gi4iU,male,178.6,92.7225341796875,78.92030334472656,97.8735122680664
8XB65OIFyJWssH8CLHyyTWVuuBT-H3u3C1haKwy-LkE,female,163.0,85.96165466308594,76.81293487548828,89.75685119628906
muEJNrFoTT_vtClaQ-QbYu1poMnNlzel_d1gPHXf264,male,194.0,102.15504455566406,89.75282287597656,102.28822326660156
ZqIJuZiK5-yL-8aGZHGYuNdHWlmhtbRwfLP8B2nzoO4,female,163.5,91.53089904785156,80.27008056640625,96.19625091552734
x9ThblNEs0d1SG65yjmPYY_sX3fjXL4C2XO5HI-dkP0,female,166.5,99.40482330322266,90.12506866455078,98.83123016357422
nby1eL0lqv5vd4YvP53ZyxxZIYlwHkES820Jiiz0opo,female,166.5,89.77285766601562,78.73189544677734,100.3680191040039
59bc275e681516389ccf425e,male,180.2,101.54159545898438,83.92918395996094,101.6608657836914
AUIZuo6lfanwDEDqrbi0_Z4Rsle6CF3P6RaNyWw0_Sg,female,153.75,83.01380920410156,66.37677764892578,85.90033721923828
S45BGG7fwwStlMSiUGTnZJTJYx3izNJXWKNQ5fsxIlg,female,158.75,93.57959747314452,78.58556365966797,98.6314697265625
KzVubtjZ59Pk0KE1g03Exy5v9B9VfsKWtn1oiNfoguQ,male,165.3,88.17984008789062,71.04784393310547,89.2940444946289
lWgtN-d-x97h9wtIUhzbOUqyZJ7pa6pGy2HlAIlKbm0,male,184.0,104.09579467773438,88.19100189208984,101.5491943359375
l-5tHrJ09gaRXgd1b8cMr5g2RmzK6SdUzAuxCkpoMIc,male,171.2,95.5732192993164,88.44409942626953,99.55029296875
_Z-4wflkRVuwwIJFfD90T2-ueF0s7HxvY-MdQ_0pFPU,female,153.0,86.42150115966797,76.27692413330078,92.85372924804688
65Hr2F3AwIYt1nNQaCfz0O846XdFrWBG74_H5ydeeMM,female,159.35,80.58219146728516,69.31752014160156,88.35062408447266
gbKNI-wfsvgJR32_PRt5qTLSQhZQyNixqRLFGSrsfc4,female,164.5,83.32710266113281,77.91155242919922,91.43161010742188
5tYrch-RIFBKZvBrbi6l4kDWdbvDSxEI53zArLytcL0,female,172.1,86.22432708740234,75.31649780273438,97.74400329589844
Fzkr93_eCi1po-1rOc1iQA7ogk_z_kbMMB9H-M74NM0,male,174.5,100.05963134765624,86.85398864746094,98.7494888305664
tygLRr1E8gG_s_W-M_TJ45C09ekCUmSmmMfxWpCvKsg,male,170.25,95.24234008789062,78.50202941894531,90.4788055419922
8YgXcWe0_qvmBTG-C3zcan3y7XTDDI9i0OyZUOfrLLw,female,158.0,91.61451721191406,76.12816619873047,97.5199737548828
RjXw5CEZ1E-C2dyiHBaoTiE-7wvIySfKHUAORkxwNF4,male,178.0,100.11908721923828,94.19053649902344,100.8315887451172
28hTTQZ5xI2GpnhcNeyFFZF_TIz3-SGY1AqywAgwBpo,male,171.2,105.11690521240234,96.04086303710938,98.50393676757812
YA0piHl32MSDrXwwYSzw0xZkgZhEQ-dT0fbo7jC59FU,female,153.2,78.26469421386719,69.07220458984375,86.181884765625
Lvom_FFt43plg0Ivl7tsQKD92JSMspb5x6N2wUj3a00,male,170.0,100.1091766357422,89.61511993408203,96.34276580810548
NjDOX-RO3P2kO5oGbEG7fVRbxCOr9Rq3XMAKqle1qYs,male,177.0,95.0142593383789,81.67951965332031,95.4940414428711
o7s58PUTsT5yQd8DXsSetqhtl2BHn-coxbDQIC4PKL0,female,151.0,84.76985168457031,70.40608978271484,87.79613494873047
-9Xvu9djN0oqidP9sUUQ-DZ6A0_upIBwARnNv7KTH3o,male,177.0,100.15499877929688,83.86980438232422,99.81765747070312
pLH84ObNWBL9AUJx-t3hJIuOr9T3qpFJFHnXtfrgNmY,male,179.0,96.52450561523438,74.94084167480469,93.06101989746094
QaLad0bdqMYb9vpplgK_scMV6Z2tuAJ04pxEsdXFOMA,male,183.0,102.96456146240234,89.67753601074219,97.9167022705078
5EdQVJ37qU7KEOFljXRCG82sXR7es-CDAwIzc2oNX3g,male,157.5,94.776611328125,79.2945785522461,95.93990325927734
OW69pCNzvuyn4IDrAvGcRw6BjIQPd71jXCOtNPWpKIg,female,160.65,84.8198471069336,71.7286605834961,92.38516998291016
USmhBn8O9THhhyAypEL9u68iMWV7Qmy7TR-1EV_jZZQ,female,165.6,95.09278869628906,83.7052230834961,97.6053695678711
B10606VgKgwKhNZbpLpWmRMz9OyxGOh_GsYBqDBVuoU,female,168.0,89.17830657958984,76.71886444091797,101.66258239746094
TH0MiV9KcajD00Dm4oCUNaMx14p36PTQyxhJcUUN3Cg,female,164.8,90.40471649169922,84.0401382446289,98.58150482177734
S0K6y-KfAfl0vF2ldf5Uu5ISSEF_Z3Kznu1p6VUX9sY,female,155.3,85.49041748046875,70.34698486328125,86.24081420898438
4Ji4jvSX5vPu7giQHWXRgilR8UetKbKXNRwnKE7CHsE,female,162.5,96.15847778320312,80.94694519042969,95.09998321533205
goHc9Rc3JYmvKwlVvNOj_rReVQAEb6augswlammHYfY,female,164.5,83.73526000976562,72.0213623046875,90.66075134277344
ONExtjPuO-BP4G0Mxy8Hnm5snWhuR8xoomIwRPxkGXc,female,153.0,85.57723999023438,73.50214385986328,98.95423889160156
TjUvH8GaZcADOnXQwNaajoaDp6G_sEk-R_cEFXjm-Oc,male,183.0,99.30370330810548,81.63203430175781,98.25799560546876
bKYofWY1P4a3avGH_z1BsSWftlVHu9rhanSrNZ4w_lE,female,159.0,91.06387329101562,71.79672241210938,91.8210906982422
m4x6xWTQBST-ZnQXosv-NbuU8LBARkSV8RUqkyp5wbI,male,169.0,96.31822967529295,87.1898193359375,96.53704833984376
ykOqpg61ldXvylQ93x3YB33HI7oTavy301qEtZXWwHo,female,166.1,96.00538635253906,80.21479034423828,93.90766143798828
lyUguDtiZsg3Gf3UTGaXEJUEbOxRj8I7FhzS6dRdi8o,male,169.6,95.61474609375,75.74589538574219,91.15819549560548
YPnEHWxacMD5_r53OqT0dhhIxX5EtqxwWA2t5NNIQFI,male,168.5,97.07044982910156,81.1565933227539,97.31632995605467
DO8tooWC1qxpc4dwwCTnqTaHt6AOSqh4hsH8PgdFRUk,male,179.6,97.43132781982422,84.033935546875,96.59857940673828
U1ohsWBuEi2UBf804eKk5bN06_uDIRHjXA3rLbWQYHA,female,157.1,81.13510131835938,70.99903106689453,86.97566223144531
rwNErR4KYZAKDumaBGC0fMvhVtJa46wtR7SNo1CmNew,female,166.5,87.32462310791016,72.14104461669922,93.31220245361328
A85jp7bNmv_K4qwOlKkYUhq8jD0NdTiPnw-ww-ITGiQ,female,163.5,86.7021484375,68.81492614746094,90.21278381347656
GFy9ZiAZQPteKzU20LglQEdnXUvL6Y3Ho1ScbVkm9xg,female,157.0,93.75574493408205,75.2440185546875,91.3975601196289
lWTWAj_8Ggp1KXmvc5DKmTkDhb-mVN_oM5CnGCvo5GA,male,173.5,99.3378677368164,89.73899841308594,99.11659240722656
6XXC8kAL9hpfWmFp9iu2TtzspgLOeQBVEwfEPIRVs0A,male,171.5,103.81364440917967,90.16659545898438,99.94905853271484
Qdp6TYwkdxbX5uoZpl2PtFjq4Vq5PnUV4j5xrz-ZQ6Y,female,163.0,94.99752044677734,79.62483978271484,97.32310485839844
t6xJLdAOh8IwlmY-KssZFvfWFossDWgDBdGj16s_NWg,male,175.2,95.72644805908205,83.6832504272461,93.98036193847656
I8BI3wv3aghDCeaSa36TdxzoN8tuvQBE0v4X0ts5EX8,female,164.2,88.21812438964844,75.05045318603516,101.16886138916016
OkD_s5l3lVIhaNKIZPzRPwKaGobxBEXGVQ0qW86r5A0,female,152.0,80.46855163574219,71.44940948486328,87.03439331054688
-kOx6TND-xhoWgxKctLcShlDXu7NGp1nFzUNlIqDC8E,female,160.0,86.20568084716797,66.98853302001953,89.7505111694336
mU1drvS29MI7Z3LXMpudK_NMTUwuBHDFilo491kDmqQ,male,181.5,92.14655303955078,77.64407348632812,97.55647277832033
S7yKMTRDnBadwqQLxj-YxnZ7tUY-sxd7zBKF-N-laAg,female,159.5,87.95526885986328,81.20013427734375,99.1976547241211
hBi52O-rU6sLf4l6F44AS7sOOiCsbTcnQG8s2iUGJT4,male,174.0,103.51851654052734,89.52559661865234,98.23646545410156
lSIFy0ZBtOHtmpFgVEDMYk5Zt4ev4CTcC0Ua3LAI4q4,male,173.2,99.29464721679688,86.48754119873047,97.99285888671876
mh64Ub_1zlkscJ7gqBynMC8kLMrOcR35SBwCas8jBi4,male,179.45,93.78839111328124,78.69200134277344,95.31981658935548
nsbnyeVNqGE6igHc_yqwmJajcmsYZYWjB0nxkVqAZxk,male,179.5,98.84689331054688,85.1707992553711,101.35226440429688
wo1RxJr9GOOIJx-_rCq-eYHvTzhqR4QfEtxMqNiXSGo,female,168.2,85.18177032470703,75.28364562988281,100.21671295166016
VjEJp8YS_CGPJPOt_p1XwjNWq9Vf0RMko6nOToPZ4Vc,male,173.0,91.62018585205078,77.18657684326172,94.53153228759766
QfKpuP6dZQy-hOYNYE5Unp5XJ0g0H2AU6yLy8KASKNg,female,155.1,82.76011657714844,71.68231964111328,87.84532928466797
o_P4XZjstn1eM91yD9l-jZt4i4zQRxyWh2IjXFPvc3U,female,164.5,87.96688842773438,79.6023178100586,95.26908111572266
Za2gVY9IO7cSatR1s6MlJT2Ym9kjgf5dx5QQ3dqOMjA,female,153.6,93.79673767089844,82.51104736328125,95.24698638916016
6ylM1nS393YYnXxtK-gVtCQzv7yQ-Y7uizj9oD3a9aU,male,169.1,93.4234848022461,81.77387237548828,94.09296417236328
5Xh-fOMeqv6IdKC9QUomitc2GYfGUqP79yO-sQDvXPw,female,158.5,84.73938751220703,76.73571014404297,90.03412628173828
vK1-RUhICFZPQ66-rt3Ee3pOShmpzuq2ubSV1I_hdio,female,160.8,95.4556121826172,80.9706039428711,94.97168731689452
O-D1OAwTqCs1SY-zv-CDSEtUTSUZ0SepKK0-ypBzEoc,male,176.0,97.08453369140624,82.50460815429688,90.14908599853516
YK5kKZSFwbHezYTwzNsNiQG56io_IhgEHbS2KAlDE6k,female,158.25,98.33724975585938,84.45330047607422,97.1244888305664
fP2vEUIYYHAiW-jnii4IznyuUyDDHIdgSqyKv3OZEW0,male,174.5,92.61985778808594,76.08232116699219,91.11792755126952
pRw9geCWNea0tK6RKkIE92d7e9FJl6Yz7t14twoTQPo,male,193.0,106.49922943115234,89.81334686279297,100.72933959960938
aDIGoV4dmZ8dlSTK8l6BYJQxuysdXbYGDq00PApk7xY,male,182.25,99.122314453125,81.36997985839844,98.42589569091795
AJhTuQCUcGqNWYEnrAPV9E_5n-63xapWDqLl5xY09b8,female,158.5,89.20964813232422,73.16832733154297,94.42708587646484
i45bbTSs4418BrHmSgp2-1cYp3Yj9BI6em6C9m4yCsQ,female,159.1,89.4848403930664,71.07588958740234,88.5745620727539
GOLoucWiN-1cLXsY2PrXwphcJOT6gdbPR52CYlxPybU,male,168.0,93.31029510498048,73.10964965820312,89.42752075195312
YPz4NM-Qc1eTi_-HSz5bGAq0Fz1uc-s6OPD3FuQ1Osg,male,174.0,97.81304931640624,76.07188415527344,94.41195678710938
ej3aqsW_KwyK-t33WvvoI5EJwiY5wE575Q270H7CMRs,male,180.0,101.24578094482422,90.63959503173828,101.0558853149414
3VRHRAUSarSp-p7b9P_8jny3ATIbHuvz3B0BiBSWNxs,male,165.7,89.36600494384766,76.40782165527344,92.89508819580078
M7AiBl-dRAnhKf1-Xd2twZBBUNLuWe6m6jlJFk3WfQE,male,176.0,101.55998229980467,82.45822143554688,99.05633544921876
pPjzmrsxYBEszhwDcZQV900uT3FQYYtzNqwFhyGZB6o,male,161.3,88.59495544433594,87.09371948242188,102.965576171875
3LJlY5dd1LxDQyqxQtKKevi7R6EeTLOrgG-GB8pP08Q,male,182.0,98.4778289794922,79.80441284179688,97.96351623535156
nzXOIrME2nqNezEfWx5KEho04ts4yIAklDSTuurjdZ8,female,155.5,88.96647644042969,79.3759994506836,93.73257446289062
AX7n8bvX-5xbg8q0cCKaxASM66m2Xg7msSV5tYExzjc,female,183.0,92.24474334716795,79.97025299072266,104.1458740234375
EJ9WxsKpBR1iAQXdMdj1nrUbRPwihEfi_SGgd1NN4ac,female,159.6,78.76676940917969,68.02214050292969,90.74471282958984
59bc275f681516389ccf42dd,female,158.2,97.86721801757812,75.92356872558594,94.04601287841795
rQEW2xANPRFnYpwxbKMqPRbLJhObWL6LuXKOnJQmaWw,female,173.0,93.885986328125,88.22958374023438,104.63187408447266
P9xEH1gTLHYiXIPkKlGqZ63y1rExLqOPPSkimNdQsYc,female,161.65,95.55458068847656,83.99310302734375,98.24024963378906
oUuBVZfCJazF-eHB_8vEqHuLJsp_EpzDzEM_ipglDEo,female,155.5,84.80025482177734,74.36229705810547,87.42253112792969
GUJnXTtkEF7HE4yvdrag3QVGGtje3jTrYtMBhg7Vack,male,179.5,97.13339233398438,80.39402770996094,94.55525970458984
MQmecK4FIS6uznz3n2Wv8DediRJd_EZqDsKh5J9C_2E,male,172.5,98.10855102539062,86.6281967163086,96.20874786376952
wEiE2pV4k1O3W5w6TXxcEU_zZGThKzJz5cV8M4nMpjo,male,183.5,101.70018005371094,85.66838836669922,93.65049743652344
7oM2JajaH0PtE2ZjFWPhhrnr7vHv-V29JgtiFmaKZeE,male,175.25,101.73676300048828,93.08148193359376,101.96490478515624
Nny-tpFBmQu8scLMjvgDlOS__2jOgH-RSkx_JZE48Bg,male,172.0,99.02125549316406,88.0331039428711,96.5235824584961
a8AaG8a_59K81mG6htxwIf-f84E4WlpalCZ7YEJTDbI,male,170.0,108.3371810913086,86.91887664794922,96.34201049804688
s7ogioDf1U8mqqsD7r99clapeOQQfyr55h2X3ap3XJE,female,165.0,96.1955108642578,82.10382080078125,95.1778335571289
PhWGxRdPqcxq4ZCkS_EgGaro9Nq3krfllRS9EsD7ppg,male,179.5,101.81149291992188,88.08077239990234,100.96831512451172
b_F1041yxqa7dNVpLoTnMQECDX6dKk3eewENECpi4Pg,male,177.75,90.46499633789062,78.58544921875,94.8298568725586
ziKUi7f3SOKFW8Dqoz7x6j1zwCUn5mVMVWSb98wL_co,male,177.0,98.16849517822266,85.91638946533203,101.50991821289062
X7QJfh5duqzyVbHswhKojrhX5VXtZo2i4F-79kLhQv8,male,171.0,100.46466064453124,86.75743865966797,96.45297241210938
nPU_MwQ8y7tbsYl3ae8_1bhuRhlK1IZGMWEPZRe9Gpk,male,178.4,107.45069122314452,92.8660125732422,98.60533142089844
B0Z9Yi4-Fq_kfX9T9yRIA6iZrVAr611tdGaSdtGmckg,female,174.0,97.4558563232422,76.91587829589844,95.55165100097656
2lEWBQrGR_vm8phdFZXOUSOhbHgplfgxN8NXLIJvAFU,female,161.6,96.16275787353516,79.44277954101562,95.03447723388672
w07I5jNdD1zi2AlywjFYFhZ8pktMXikWmJ_XfIDvEzY,male,183.5,103.24479675292967,86.54043579101562,100.03731536865234
_FfeVbuKdnPu_iK2drIo6jQFc3BRA1yPCiK0-V51NaI,male,183.5,97.5417938232422,85.31778717041016,101.33445739746094
f1baT5QGLKGZMyiGgz7r96aLKSeyfC9kkDozNlGuNJY,male,170.0,98.0956802368164,77.67057800292969,95.427490234375
lf1daDsTtl1HzV9Oozra0F_D4_8v6DaFaGXiFHp7pGQ,male,174.5,96.81856536865234,83.78176879882812,94.95765686035156
2iddLMv6IBuiVCaT2BJzjPJXfB5xu78N0UxRxIf2o_U,female,172.6,85.47596740722656,76.15034484863281,97.8724365234375
oD8YJ6R_haD-1PxgZIfodoEgImW0px7SWqq-p-r64dI,male,184.5,96.40428161621094,79.5301513671875,93.86762237548828
dARixgPkbGTv_EP1s8nlBQMlBOoIDsqD_9ry93ScTWU,male,175.25,102.44705200195312,82.49896240234375,97.45825958251952
guxJ1sm0teV6wejF0hpQD_A5jpAbaNhxWHfUn3_caic,male,181.0,103.14952087402344,94.08019256591795,103.13339233398438
Eq30yB8n2zijvlsS-MsuQovhI0sCDl19rfymZQ3bZmE,male,168.0,96.6074676513672,84.03101348876953,92.21878814697266
J0Jup_UFc6U9x9w-Abi1GBdv3NeMZdE2a4JaUB5gy34,male,186.0,99.64039611816406,88.32936096191406,105.1955108642578
4Ngs_ZDYsC_izZlyGC_T22og7MLmB7khPDdagnGdB7g,male,170.5,91.52816772460938,86.11234283447266,98.09254455566406
59bc2769681516389ccf469e,male,168.5,99.0135498046875,88.64557647705078,101.03960418701172
oxzahShpwTQze5nBX1K1MEam1UYQO9hhMx1zr0E08cs,male,176.0,95.5382308959961,83.91848754882812,95.1506118774414
rnKJYS0diYIKNKmo0QhQfu6Y1RNxQE909ig7dvEnhPY,male,169.05,97.00767517089844,86.82217407226562,97.87794494628906
9wCJatfv6BpfIhr16KyPosqMAPyrZUL2SCdjDms6N_g,female,168.0,85.58641815185547,76.87889862060547,90.89249420166016
YQxrhrxpKSH8xTQqkGhjwmNJa1alqHlCTHJXHAJ5mS0,female,155.0,79.08023834228516,69.42060089111328,86.20018768310547
59bc2770681516389ccf48fb,female,175.5,93.52716064453124,85.45394897460938,98.82096099853516
Ob8vB_biehhDu_hwzWjueaELAjJL7v-22Ijby72Up8w,male,179.5,97.48809051513672,85.39796447753906,100.38671875
NEr3m-lLFRiiCG6tPxjgLaH3ba0fslVxrYNc-pn-zFI,male,164.0,94.89663696289062,87.31258392333984,95.93733978271484
KvF43GWeO49psnYb89NcDMhou4_dR6fTN1nf6ymoWYE,male,173.75,94.1466293334961,75.9476547241211,90.34587860107422
JMI6dZe3SXbPPLFEC9OW8Q75tqy4KoZME55ABWswq5M,male,182.5,97.6636199951172,83.00080108642578,93.97734832763672
d2xqnAOrGaPfe9I4-9-7pWpEua2KD7e84_fzJ30lB4E,male,171.0,93.6004867553711,84.33421325683594,92.65008544921876
sjwyDUSvxsLtz0E-a3Nj5d5-qcL0R4MQiS0oFjPKacE,male,179.0,102.71597290039062,84.54898071289062,98.34454345703124
bYlXPEY7IZJStZHWG77crdDUu2cB9JoZg7PtUrIYBHo,female,164.5,92.0136260986328,78.27979278564453,98.07353973388672
59bc2767681516389ccf45ec,female,164.2,85.85061645507812,72.023681640625,92.64946746826172
MEg2fJbKd6vFArod3Em2Yg6Fzg8I_UVysW9tVVNJXuU,female,163.0,90.07035827636719,70.5516586303711,91.359130859375
z1q8vxM-R9ncP6uRoloYvCN3ntreu125l3OOpki5mOA,male,170.75,98.44803619384766,86.3373031616211,101.16724395751952
NtGhhuJmxasrSRLy3LsguIRU14n0gjoJg_Qr7Ct7-aA,female,175.5,93.26038360595705,76.27086639404297,96.3793487548828
A473kSGcBV0gMsvzNTpkfTPujQu9VzA9Av_zmJOhelQ,male,168.5,95.55379486083984,78.23528289794922,87.66424560546875
59bc276e681516389ccf485c,female,166.5,85.13037109375,75.50082397460938,91.35537719726562
xDkDn9i-PtqwB0-IudO0JVam7FDXjLNto_iyXDEfjg8,male,173.5,97.28301239013672,87.27430725097656,100.25530242919922
4bITwZfmlJUYVTWFNlQsWqjmpXd7p_B1KyqLCAdWbVQ,female,158.8,87.13169860839844,71.86102294921875,93.3673858642578
2NWEZ9_atmcpO1hW35vimzq3zGQrfywdEdGvLkStrGo,female,169.0,81.83576202392578,75.59247589111328,94.28793334960938
63z9hct-f8Aj4nNaZT3lwNRfpiAH0qQx_MKqr1mN5C0,female,172.0,92.35543060302734,81.0115966796875,100.6650390625
gb9KcVIn3anG3dT6UNCP1gdxfN-qcS2Rr0i5Ii6chW8,male,175.5,91.86670684814452,78.92676544189453,92.54324340820312
r53IS9V3EcytvMNW2hk3t_CiKvIdj6AphqbbiMy7rSc,male,165.0,98.1667251586914,94.44363403320312,98.02967834472656
9o4N8k59ukMvsfOgGMLp66-rLPw8OP-P-xvJ7PVGnek,male,182.0,103.7470245361328,83.62069702148438,100.6533660888672
Md6eQCCm8UBwwAjbEGLGWo_BFp4J32v4fs91HF2j7z4,male,167.5,99.7344207763672,90.67335510253906,99.01309204101562
yx3NAQN1gDhX5hDcrgZmzaIy5w_yyO9dcNkhFlcz_RQ,male,184.7,103.26219177246094,88.41490173339844,102.13338470458984
6lCPFQmNmohQyzpaKgMfsiOOi0dY4S0a3r-zgaLBlXc,female,170.0,94.20770263671876,82.75200653076172,98.6270523071289
UyHRmAs0a9DkqUIdvMM6H2DZZt8poOp0yppXVqiqei8,female,157.2,85.82487487792969,73.20352172851562,90.7359848022461
cpKOli1Bfoz9jqNHdyc5ByeeJs_Dweb6JvtOS7FqQok,male,172.6,91.78214263916016,83.19502258300781,95.32780456542967
ElgBV3Pvdk-X9drymBwRhLa60UK96TWAmwKvfRCxJ3M,male,169.5,99.13967895507812,93.7521514892578,100.2732391357422
W7Wa2Zmxp6o0xmaxd-SKC4XZTO6yZ--O-V5dZb1JILY,male,175.0,94.78140258789062,88.52053833007812,95.44471740722656
NXmoPHhsDXHFFY9qBe87PNHfINaJfDwlbacZeImZi1U,female,161.5,83.16114807128906,73.513427734375,89.85264587402344
IHvdbiJqeuIulm1sbfQvT23TFUdptOvWXTg5oXK729I,male,183.5,102.29671478271484,87.6065673828125,102.27689361572266
n7A7slctUm4MtbuaSIKO2lyqaHxpjkbyfD_02oUtQFs,male,178.5,100.02726745605467,89.58200073242188,98.4366455078125
9r9UXEUP4rNlsPts3IprlY15Ikn3pbSbpz56rvkQmuw,female,165.0,97.3042984008789,78.4860610961914,96.46141052246094
W7t2YT8d182AnmwgJckYy-NcxdhHFQV9iHSQu3EVUoo,male,180.0,103.93538665771484,87.4812240600586,101.75971221923828
IIHoiNOLWvZ9I7UuzbNCmayVsZTvP0prTJiWmC9k27M,female,159.8,86.99632263183594,69.19583129882812,89.80088806152344
-fxrku1rAPX8f7w4HIrk9oRUecKAfNNFJd1xriLbB2A,male,166.5,97.8163604736328,90.39958190917967,97.56271362304688
DsguZcPKClBTPnzsQ2AQz9mHvrN-oDU6y11z-2gcJKM,male,164.1,89.99908447265625,73.91352081298828,90.7742156982422
zKE0XxJMySFUqByIqFZOiN0NKULgwCHvcKlXlLmBoYA,male,174.75,96.99669647216795,88.58372497558594,98.07758331298828
EM-6EtL8D0Vm_DgCkXQmVxVEsmd_bwiQkH-066UyZsY,male,166.6,96.63292694091795,80.22041320800781,94.0341567993164
3QXMgxLgcifTE3JD5gChuT-j8lWjnEzRmQDINN_h3tM,male,180.5,99.02670288085938,80.51777648925781,95.4386978149414
Z44aeANozeUEr6RnkOhnfuz4xUWmXEKVzbMiR-_ojW4,male,187.0,99.41358184814452,95.00186157226562,107.11833190917967
llo3NTj2etefabjXxPXIDQOi885hqO0iww42r4iSggs,female,156.0,81.94840240478516,71.71812438964844,90.34285736083984
UJSmriR4qVLH4cT84OmuMXkZSr5FVGZv7D6GCFqHuvw,female,164.5,91.2130355834961,74.4565658569336,94.82404327392578
BbX7lHkhGt2IQ7TA2YEWrwhmHtOA8LMrmID9UrOwlow,male,176.6,96.02447509765624,89.1274642944336,98.99329376220705
r0LT9iFmm69nvU2IOfa2IqEOmYvLbJ_kwZF2xw4CcxM,male,171.0,98.62347412109376,81.3995361328125,93.20966339111328
UbixyJ3QdnK9uOm6YjoaGHrNwsTpwNaeuWEuEOs9nsc,female,164.7,88.49868774414062,80.41667938232422,97.38119506835938
Q-y1oIbsoe4Rqzy9N4iKyG8Asqb6CI_dA39f6Xayv6s,female,153.5,87.27338409423828,73.0830078125,90.49656677246094
2mIkWotvZ3bR9jV31io_n-rAk_UmeW6FovoxMMtayA0,male,172.0,93.44131469726562,72.35572052001953,90.45223236083984
KiOh1P-1kKbeY_XDdSJX1Dk41-F3YrEAJvwwxj8jVgw,male,170.1,96.2896728515625,85.2898178100586,95.71976470947266
MwMONmjsedY2zn7rz5oIR5erkxm4cYrNOgDVcm4n0o0,male,163.2,102.38284301757812,93.31228637695312,95.08837127685548
5a1c474ee7cb790004827648,female,159.3,84.56295013427734,73.51268005371094,91.76058959960938
jJM8rOFZBqQ57LzAPoGBkwlEINFWlCZWQhpY0sMPWlg,male,185.0,105.9512710571289,91.24661254882812,102.06253814697266
F2hVcfRAAc0OEz5QPIHt5zGIc7QLe54EUpedTB6pm7Q,female,161.2,101.73461151123048,82.79671478271484,92.88656616210938
5a1df03ea6ace80004bbb723,male,164.5,96.1032943725586,84.01103210449219,96.51535034179688
nZ_F3FPNpkjfMK-1_NaNvBYB7i3g8W6RuBgWnBRgTfM,male,175.0,95.83810424804688,84.61963653564453,97.23179626464844
6VI1vtQ3Izv-Ccfa_SZqTvPvCeS1K1PMnpYKrKKL370,male,186.1,99.56745147705078,90.4946517944336,103.70764923095705
gW8ZU5f2ddM1YXRNfiBgrdKaao8aZCnOxMnILg1AvFU,female,168.5,91.80376434326172,76.9914321899414,96.20904541015624
Av0raRwCIkOPOO2_mAsoEehVscy8jZGYrLC9GOVIcF0,female,162.8,89.07975769042969,81.37370300292969,95.75946807861328
Yg6_L_MC6dMGToXCswTysntAHvOmLR-s5n-xW6m_6AY,male,179.5,100.71665954589844,90.74602508544922,102.27400970458984
dbt18VXZsn32dZboXFWZcnvkrxQT_J1t_swsv7rIUww,male,179.0,96.66939544677734,91.32610321044922,106.06443786621094
7ayEmm7kpuu9odyNPchjRmDxZzVMso0-yacXVxeP1_A,female,166.6,92.90036010742188,75.33483123779297,96.75798034667967
tIzeDx_VLh7QRmoai5gxMBmGeEtLIWKgsYivC1LNF8A,male,175.4,99.21349334716795,91.68304443359376,99.65172576904295
y4MtxKNHf0hQ0LL3MpeaEF591MsPNqJtnbGj6FHH0wA,male,173.5,95.42559051513672,79.8014144897461,92.1676254272461
FnZ7ZEVzWD_YNIjEdmg-2auiUS4_Z_NMpQXf_I9_dRg,male,186.2,97.33454132080078,80.83650207519531,95.03355407714844
8dNapeHYd_jNji_IkOHzYEWBvjDrfJPWr8fW01bifZU,female,159.6,87.34978485107422,75.79524993896484,93.32743072509766
ERRcCg5mF7lwV02OVW04-3jbDwK_LEU0Nx3FCX1yKoI,male,184.25,100.91785430908205,82.485107421875,101.45703125
FYyN-I3eUVTrNJplKYfglP48b18n5SFmNaF-3XPqTWE,female,154.75,80.913330078125,67.82091522216797,86.98159790039062
EYHKvjkoWEhaMdxSneiWiRED2E5xCMMOBM26nJiqKwM,female,168.3,91.46135711669922,79.29996490478516,96.10287475585938
S2mmeg781MZQc-lUFAQ7ShYJ6xh3LhzmNqNSN5xCu34,female,164.4,85.44476318359375,74.75371551513672,95.18148040771484
ZNGNCePYeJ8WkZFu-d5LHrMkuzGvEKDkF2--LrkNSLY,male,187.0,103.00704193115234,81.81373596191406,101.88446807861328
3VAjyqA7VZJYiY8-2KpTG0pMgxeUi26w4RSXLzz5q6w,female,157.5,81.5449447631836,70.03486633300781,87.64702606201172
sMKDTMq0K_2kq4Rm3JYEPP9XgLwkcLoEBSBREGgpWWI,female,160.0,89.51485443115234,83.30272674560547,96.18978881835938
8ihJtq2eo1xEMbVx1nioChqxCCPS6gQb-nzd9lm44kU,female,160.0,93.29913330078124,80.1063232421875,93.8541488647461
CX_I0JMcODvC2LPmlmYRh3etL6j37gcCKKrZfLuTfP8,male,184.5,101.1660614013672,86.23799133300781,97.81451416015624
DQNsw4euv6SnrLFmtGP7bulvghA0_pMCJ3xGK-s-rwA,male,173.0,99.14832305908205,83.80513763427734,95.5964584350586
wsh4PsTD-ZDGz0KGlgGwVpROjGkHUQhaNcHVMhPH2fw,female,160.0,78.45237731933594,68.777099609375,91.31609344482422
-nb6YMhnr5iOO8SbyCamexRSVRxegqztWFmTJZM2X94,female,160.5,89.25285339355469,78.24508666992188,96.18466186523438
qte7wJiIBIyLyRkpph7yIEKvsPSFXWsx1rKn4K4KNjk,female,163.05,93.44954681396484,76.61962890625,92.27747344970705
tQF4H5bqlHtSHmmClQxq0JkZ1Rom7piv5U_OutDWA5c,female,168.5,84.62179565429688,75.97305297851562,92.4485321044922
cOGgTX0WHaayG9fR8O4uXOpyGT9RF7Zilq5MaqHP48w,male,168.0,92.90420532226562,81.46453857421875,91.14669799804688
u2VX_rR-b9Ygp5ToLLA8grPCNIFtLlV7lY34UmeWmAs,female,171.25,94.78345489501952,79.71868896484375,92.5587387084961
6ZI3FkX6g5n9L6AN74E8i6F6OjvYjwsnkgqoN8T9UH0,male,182.0,100.47547149658205,88.61514282226562,99.14993286132812
KRhhODp3IdNvOwJrGTgxyFFSajMFzlvI6-oXD7zUB1M,female,171.0,86.3526611328125,76.72071838378906,94.66974639892578
59bc2768681516389ccf4683,male,174.65,95.05742645263672,81.26068115234375,90.42752838134766
m5iE5ONAl9oOehQUPESjjt3iAA68qXS_JJKffnRNnjE,male,174.0,97.19214630126952,87.01091003417969,99.3955078125
oGloXV80eCkx0G3DK31azJi7hXg0OWlgkMxLf1UTyzQ,male,185.5,104.15316772460938,93.00371551513672,99.67683410644533
59bc2758681516389ccf4047,female,165.0,85.36853790283203,81.63770294189453,92.80371856689452
NMF25R019iMg46ITv51G7T57n1OQ-0PqjDBBaBM-KeY,female,152.5,87.54463958740234,74.85675048828125,89.7619857788086
_r5m-6Cs1ruZ6VecGYZlSbNSMDLCVT3wYpjoXQ46NQQ,female,174.5,93.9147491455078,78.19749450683594,99.89939880371094
iSY6QWcZ0CbHmm_7nqSi1q3KcF0uW2PlHGiD4LQcJY0,female,174.5,91.8508529663086,82.49165344238281,102.5279769897461
9HxPwgDHs897rkdxq6WDeGiyOKMKHtlOitUDZNRk6xY,male,169.5,96.52196502685548,80.90093994140625,101.03822326660156
Dakw_gp54cuK-Oa6-S5oqbUodfgWsnLoDW-8ur0oX54,male,171.8,101.67804718017578,87.38353729248047,95.36725616455078
Xl9uwh-makzoHjeCE5tBxDx0-XX1fuByLwBP3KZPjGs,male,173.5,96.10494995117188,78.3373031616211,93.84777069091795
txX1Tky6J40Ji5FT5YmG2djk7o5r_LxjNrosBNqKwso,female,166.7,90.83795166015624,72.98552703857422,94.27447509765624
0llUez60571dPHH-iNUKIhyU8RNcRM3u8cJx27lOkkk,female,169.5,95.32306671142578,72.86249542236328,94.22338104248048
EWxU1yoEuKNYvYiUywPT4GGw-ty-CxzXZKurKUDeTp0,male,176.0,101.29403686523438,87.36197662353516,99.01107788085938
8PEXA0Sfr-ccgI-cjmAYWSeB_SOb61Ow4AvERq7vKGU,female,162.2,89.07317352294922,69.03462219238281,92.85267639160156
EN45bXeRCREnNHm6nZ-FCHtpgW5bGuJSdWlVLEebsL0,female,164.5,102.0064468383789,78.58443450927734,94.3148422241211
qczUZadyi4UuYVWLLDxHzbgY7ijckkCjpCx8k3lj2DE,male,171.25,93.96356964111328,85.84121704101562,97.1166763305664
M7W3KM6kChC2ZuIEZfASSnpPUwzsXctKnjlTHCvyvZU,male,173.5,90.94707489013672,81.39512634277344,94.9692840576172
cbjjtLZbo_7PsSANaVivPt4VzDbVPABwLMt0z0R0qhY,male,192.0,105.47921752929688,87.7289047241211,101.65876770019533
DzFVefVg0qyZwV68DGxNR7jyM4H3ZrNzeyrpBHnXeJo,male,164.8,94.33655548095705,80.9618911743164,93.43428802490234
AYTfYEz3WD-XDPEqz4dwBmf_kEM8aL1V3rC8IaXKhFY,female,168.5,85.43071746826172,73.99420928955078,92.27058410644533
yUrfQDl6hedEUzSVmkWyRNjuuQUiNhjZlcAY9t-kWI4,female,163.8,89.50636291503906,80.54296112060547,98.6761703491211
NSXAJhcfnGd2bD-3e2mGLkcb92TrafN8kMMQe4cqEK8,male,173.6,98.0303955078125,81.65784454345703,94.01697540283205
SgDusbluaGnu0xOboeb-2JPm-kNIjM8SOLqNrFdhnrw,male,162.5,94.48114776611328,85.0254898071289,96.3383331298828
g3YGKQa6zFM7cQzJbnBwcGIr4nG2UTYLwW6KRj6fIYo,male,174.0,99.86600494384766,91.40447235107422,98.85879516601562
TvPLietnYNztbsCXuzZoZQlAFfGmiZkfW_EM4Qzd8Hc,female,168.0,87.49178314208984,76.14010620117188,89.2646484375
59bc276d681516389ccf4838,female,164.6,88.69466400146484,74.91790008544922,97.78279113769533
MTXbtemM3j9GYgqgOkhXXNyNs1NVodSfuPageeXGSXk,female,170.0,87.4090805053711,81.72647857666016,99.0553970336914
Yh22y8IODiEOzkqcbn5wAXce0UTSvGGd6Tm2WuSkGwA,male,169.0,92.40553283691406,80.94820404052734,93.34205627441406
ALq8LcExnBnHix58FvA7d3ih7OuuuutlokIyPGjte1s,female,154.5,81.9250259399414,69.90423583984375,89.79325103759766
LM-bO680RqJWmK95UoQxB1LobNP1ZjgYH7MDJOJJxac,male,167.5,99.7831573486328,77.33248901367188,92.0009994506836
234g5fOQ1rGjBgBcFi4YI0yuZ5fjLfHmqsYCWs31amk,male,177.0,94.10941314697266,77.23513793945312,95.7107391357422
9Ltq8GHN65IkHZN4ivszslPGuydQhRqlasJyfRcynB8,female,151.6,86.00418090820312,70.42552185058594,92.04138946533205
9fwKNnUqd4aChCfMqkjFnj_Rzk_pU-UrAb1ew4XoYW0,male,163.1,94.17082214355467,81.19966125488281,94.77887725830078
uO_qALgHkLxiy5tnJbwoiRdQpWO7uAdVNfIcPOzdLho,male,182.5,105.99292755126952,80.73666381835938,97.411376953125
4z9kqRwkw3EEXpQm5AQj28m_K4HzCJi32K02uiLQ_Sw,female,160.5,85.1450424194336,75.95101165771484,94.44283294677734
8PaJAtXARTOyCHcL_MaqL-ZedWtRwNrUNJwEdmsqZDU,female,154.75,87.69718170166016,79.93030548095703,95.02433013916016
5xeQ-uqP6BgtbcnLsHxXy5TkKQ_C1BMlVC-QZqOCWkY,male,176.5,98.10149383544922,89.31587219238281,105.97039794921876
82t2wzhvpYRd2rudDmLHb-gjlDhOB-gpZa4XCmeD-5k,male,168.0,90.942626953125,80.51426696777344,90.51258850097656
b16ug50trBiVBhO5sDcOlQMEDAwPtoRsOHhEljfHcg4,male,170.0,96.89474487304688,82.66632843017578,94.8295440673828
_sM9FNqAgLypOnlQNwAy6z441MNab7HyGq14jMpDabc,male,186.5,100.45392608642578,91.81890869140624,102.27278137207033
SPNzQXP6J5sNtZRUepCJSwqxWzJrf-oJlQYaASJQeRQ,female,162.0,88.19781494140625,71.63139343261719,90.78266143798828
wzelHnijeJR7FMP8UAwRHF40JQ-Z9EWkpHSa5MgxcPU,female,171.2,94.10730743408205,80.2857437133789,96.71508026123048
TFIecvIbX-tK0pUO3SJc4RL3hHQ8ybyG6IIvoTX5Wl0,male,184.5,98.3409652709961,82.69966125488281,99.31705474853516
5aoCyghZ3fcYFvdtisw_9R9F6gKFYsUgQHnJrNi3mco,female,147.1,91.31536102294922,76.54486083984375,91.59408569335938
rBm27O5ZrP9rBC42jUthUitX75oq8ro6WrJdzyjKx_g,male,181.0,98.33466339111328,82.1371078491211,99.84396362304688
6dgaZt1ui9mX2B_vimJ5yfk9S1jGnYvmLavPlN3bWDE,male,171.5,96.61756896972656,79.18302917480469,95.99039459228516
soXWSXWzuNg6DNTf3hkD4MDkxGtFx-78TcSQW-9HcC8,female,160.0,81.68876647949219,71.55746459960938,92.44108581542967
OqLpAk-EBo2DigLIIYoSlGrjDjh-RTYpCfUDAyV12Iw,male,168.15,97.96258544921876,82.99440002441406,90.00938415527344
u-19n5ZqWqhr06xLR-DOLpXuTZ45cUnyQKTNCI5HuYk,female,159.75,87.24678802490234,76.18599700927734,95.4103775024414
1nSApcOD6a09iy7U6DOEzyGvDHe9c6-z2lrg56PkEww,male,172.0,96.72265625,81.01721954345703,94.35323333740234
Q8EWvJHo7ZjvwLJNpaJxCxZAky0rrnvcmYsTvGSOPFg,female,155.0,85.87802124023438,74.47522735595703,92.9798812866211
7VkUDq6eoe2eyJvVoFzQ4kvNuwMADp2pfZ_sJjy1GAI,male,182.0,97.3193817138672,85.38241577148438,101.99728393554688
RepVnNXP8Ro--nW_dI7-Mzee4h7Uz7Zm2iQjOdl50Q0,male,182.0,101.49449920654295,85.10456848144531,100.12631225585938
aKB0RnP0mTI3AsASzVPKhsZqvkJrAFVqcTwXTCCWojU,male,166.5,99.13711547851562,89.74411010742188,98.80564880371094
ROnYLg06pCSJ47L9kbpeqFAMv8uY2SC0csYHqPwlvUI,male,167.7,91.87928771972656,84.79008483886719,96.77246856689452
XEZADDKDBLJGE2CnGdVG5VddU29ffGpipjQ5QCUyMtc,male,186.2,93.98403930664062,86.28472137451172,102.0723876953125
OxK_g9JOUf-B_yRb4AQliy76liI7Zz3uhIW8dbpOTQw,male,168.8,96.67830657958984,79.4188003540039,93.30184173583984
8295UeA_WBf3kSL6aaOPEdzqyYybkjMWPlgOy26WnE8,female,156.7,98.6808090209961,77.80232238769531,93.23550415039062
qj0NOy4kSIpFvObGgE8skb1QToexAhxbWYMp1-UVgX8,female,161.5,87.60517883300781,73.44239044189453,97.64151763916016
K5Qvjusxmth2q7VH-3aw1m0DzCU3KUZbcXIl3SAIdaU,male,163.9,92.78953552246094,79.59354400634766,90.37329864501952
HzrSqvrAMyVOWeRXPyWhFSSXoRnsCNpdNHbl-RW1o5Q,female,165.8,95.38845825195312,75.3985366821289,91.71932983398438
lboDkkqmFWE6Hd7B441lqe_tT2edIVK71nk-nuYJ_CA,male,172.5,107.89974975585938,89.41615295410156,92.3523941040039
DCmj2JmoHv4tUSv4DJVwagjX6xlF7R_HOPVY_qLDciM,female,154.1,90.3059310913086,82.00201416015625,94.27452850341795
G0JQDSEOFc82uzcGLgqG8w9ILqIp4Ue43akzOWs-KJ0,male,170.5,95.38575744628906,82.38954162597656,95.30094909667967
SqTmoUOeRjG1RbZSxonfRdS_8B1Voibyz8Xfwl2JoUk,female,155.0,83.81597137451172,72.83650970458984,97.4147491455078
XamuJRfS7TbUL9xuzcC8WPJd0bcYi0IL58BCQN8JYZY,male,180.0,102.39165496826172,87.84046173095703,99.01287841796876
AgS48Otp4jBlbXCuMT4yzzXXIQprRt0tzGYCI6cJ1FA,female,168.0,88.0973129272461,74.11390686035156,93.37488555908205
MDqQHenu2xxbf_I4_Uo5YARw9wxHCXDSQKgC3ZWHyBM,female,162.5,87.2220230102539,80.7962646484375,97.56449127197266
j5ZQTc3egpjSyxfrcbPk7BrH4xBHq_obmQYR6URiBWU,male,166.0,95.40863037109376,81.24819946289062,94.34373474121094
KUNSraIYDWHRcL691_W2GTTD0xKejJUyZHVqdQyezaM,female,171.5,96.56730651855467,82.4214859008789,95.13399505615234
gAFJ_eBlTPO1L3oJ8cwt6BjuTI2yYCbLZmDvT5wn9LE,female,156.0,82.54412841796875,70.0772933959961,87.77587890625
CQTWLTURUfrFSLu817NgNE1iiCTWgrsWsRxz4ZU61-k,male,179.0,96.90419006347656,88.63838195800781,101.48500061035156
gvFN9-oZ1kTVAlIyBYj0VsEMgoW6NojEmFUY1cB83lQ,female,154.5,89.7815933227539,74.87965393066406,95.83638763427734
VF9pumeaSDFTvECpCCUuDxIBHBxSJo4RBKSD_rdK3xI,female,157.5,91.65520477294922,71.24471282958984,94.23329162597656
KfJBoub1UVszSENTWNIsagcvwmOw2kit8FlHE6vdDgQ,male,169.0,94.22806549072266,85.55047607421875,98.20768737792967
XQ9oTSilzfX8uWF7Rag31Id5EpP8gwWa0S2VV9Zqu44,male,180.1,98.6700668334961,79.10535430908203,97.43770599365234
h9Iv8yUNjdiBTby36_NmjHc9e1y_bo2R34lgZW7EVOw,male,189.0,105.2278289794922,90.16268157958984,104.1686019897461
d1WLDI3NCUrqzgXr5gPLsIQAsnllGwuegVQZHJENrTA,male,174.5,95.67894744873048,83.48385620117188,98.78521728515624
THUIi-yI_DMbICZ5Y5MQkdUrNBlEn1rP7WoVbMOk10U,male,177.375,95.17359161376952,84.98155975341797,99.62918090820312
6U7cdxwjQPZ8HMX3IQ66wLplGicALdww5a9S3WBNtpA,female,168.0,91.7708969116211,80.41810607910156,96.49005889892578
Ui_Dpv3jMApR72n2QtS3X1QSc5yCx6Sx9J0V76Yt5zQ,male,168.5,101.78761291503906,82.01936340332031,96.11660766601562
L5hyLcjEUehth3dkw0b_hcjI6YWRayLrwwg9Cv2G7Fg,female,171.0,92.9739990234375,77.29410552978516,94.53833770751952
1KHGLs9WZ5DC5OlRtIIaOS8al8ZWyNHaceOQAoQOY30,male,158.5,94.42191314697266,78.93727111816406,95.7269058227539
8rkvskkBe0lcgqJ3wjmSKgoGIAz5GCebM_AlE3W1nh0,male,172.5,95.4779281616211,79.89774322509766,93.1422119140625
MOqbYtj3KR1NJkIQUzq-XXifDNs8yYgBo684NtXOzzo,male,180.5,96.70602416992188,82.65168762207031,95.22126770019533
5KBMhpOPpkOVbNI4EHFH3PUodOyCzhEH2GqT9SlX9JQ,male,177.4,96.93595123291016,88.29352569580078,102.1968002319336
gz_EHhI5Chmv0cZhqr2LV4h7hWIFSBFVml9Nbd58qxM,male,177.0,100.10407257080078,86.96808624267578,96.99787902832033
m2Z2lux39g4KvRFrEB5ZT93C6Z2l6ZiXUDnVqL3JDR0,female,155.1,91.22197723388672,78.72940826416016,94.73367309570312
zaGYbH8QUOj6VhRSv2ibTYSKUZ05kNNObVcy3GTtOsQ,female,174.5,88.783203125,75.16429138183594,98.00054931640624
ZSmcI_WiuLj6K1aLNTy0YGyMx64G1CtARXwhwYwVhNg,male,171.5,96.9364776611328,79.159423828125,95.47513580322266
IhDJdQLAqc7iFAtk1w3TvnMiaZViF2KeqrZ2-Kul0Ks,female,159.0,93.66424560546876,74.60575866699219,92.45977783203124
iAId7twJViYUsBFd2uVqfBelqyHlDID2sG1XfGguFHw,female,159.9,88.20225524902344,77.05923461914062,90.06080627441406
cW9CuaPVbwpK3I1tAfdxvXBqVxfqOng7igmvP1zVy-M,male,175.5,97.67375183105467,82.44005584716797,93.17115783691406
mbIqw88mdJ0jLoDKoLWng-VdsE3YW3oncjIckgb9dsk,male,178.5,95.52350616455078,84.92906951904297,101.51712036132812
9yk82zvknWTdeY72Mgr_csskhndqyfHzVO2-VLe9WRI,male,183.5,97.49954223632812,82.37335968017578,99.07917022705078
5Sa-DtWIegdnuFlkBMNWXCAiuLX9ghXrmsULAkjPSGA,male,166.5,95.76692962646484,85.6599349975586,92.02507781982422
4V5t1ip62IcSKtuK7qkTrk1d0nDXVf2qVARD7g_SNI4,female,161.9,86.01060485839844,76.76567840576172,93.90637969970705
oqyH_veC46ItEB8qeSDlvqg4-GdVD74zXF5Ntiqju_c,male,184.5,106.0373306274414,85.81415557861328,99.18981170654295
VZOdwErQEssn2GRi01V-Co76MIZb7JUCjyshSGFvTyI,female,166.5,94.07234191894533,79.09170532226562,93.79834747314452
tkPLFpLLTXN1pQHJLlKRp9ei3qB-rlFviG-8NlZux6c,female,165.0,89.5998764038086,75.23884582519531,94.0503158569336
UjvZMasZoqSqVVnhakbHto4-ofRI8W2Pje-D-5NcuHI,male,189.0,101.62635803222656,87.03253936767578,100.8714370727539
G2--3a1ZbnW54xZrzDhQDiV0ykwTVJPyaXDJqjk77og,female,170.6,91.65686798095705,77.88521575927734,99.96387481689452
WONQcdsVSwAdOGdbQ6TwU4Mu2vHCr3To_k1lFiQn7Sk,male,171.25,94.3235092163086,77.25737762451172,94.6805419921875
R_Xg4Nh-OYq6AJspZUtA0VXq04NHInTcUqlNXvVr1iE,female,167.8,89.07584381103516,80.63896179199219,98.04010009765624
CWZecj-GK2oAetSPilVojUOpcl48oPc6aVuYNJqJ0fI,male,171.0,97.78009033203124,83.83642578125,97.81319427490234
D9g9ZKidKB3GRGYojp9GbcTQaZ3OgzV8uwYu9Y28OwQ,male,166.0,97.63096618652344,81.22826385498047,93.15283203125
3hxEud0tYwP-4mOjVE_crG2lF3BeamokMusciuCtXEM,male,177.5,94.55291748046876,90.09456634521484,100.52732849121094
o-_gWQyCnze7uTFo_sg8XmTniRktMdxB4P0EGtKaMY8,female,163.5,94.1075439453125,79.25935363769531,94.97872161865234
27fgXorDJPfXnx9zZsB9ZKNwkIY9dUPGaGFaLKX4nKc,female,152.5,83.31199645996094,67.42786407470703,90.30299377441406
33kQep-kt5ANgw-ZuhiXxYHHKj9EgooiTmgbFXAxp5M,female,162.5,90.97679901123048,79.01925659179688,95.49356079101562
qdsEw-Dvb_xmFa6q7s-GuqdxNzWLX7xR7e3PQfehp4o,female,166.5,85.1712875366211,73.85126495361328,90.24595642089844
c_1UDas9yf7FqgqP9DCFj-eLe7xzmCro_DUwx51MaD4,male,170.0,96.05748748779295,85.24939727783203,99.97779846191406
inY_mR33JNY4yJzJZ5xwZfjlkUYiS9ZzFQ7VKbxGuA4,male,174.75,94.59127807617188,80.1778335571289,95.66463470458984
eobh4GkSZqjIfsl2yotyzV-BA3p6VSbviGaSzeRTmZ4,male,181.0,103.73226928710938,87.1617431640625,101.29270935058594
ahT7MEennmiPiDIj0sLEf1_dsYkz2sNdiHVxaYAClRM,female,161.5,83.41207122802734,73.90848541259766,92.7048568725586
9zd0Z9boKUq9SD_wczvUvpYqyEu_fSMDqi6lrDgXhXA,male,157.5,95.29908752441406,85.42781066894531,92.65966796875
hlYBLwY-wUvLCWi6fGccF18xQgfPH6O55mBqbjlNjL0,female,159.0,95.59260559082033,73.42729949951172,93.87702178955078
LrpfNxN21F9xcxqSlyJZf0U8AMbWmV16j8m2andBg-Y,male,177.5,96.98098754882812,79.61731719970703,96.0041961669922
dmaVWureMDf6zGzvuffPz9SCsgwxBEXj17dfX6-ilJg,male,176.5,96.4324951171875,90.18863677978516,100.28240966796876
3X2oFHWpo2HTanPioa17vmopeDM_yVI6_CW5fAaQoqU,male,195.0,98.10608673095705,93.58918762207033,106.73323822021484
W2V7D9jBYEP2HOxd90RBHhoOYhg7U2aijsvn1YJuWKA,female,164.3,86.74423217773438,74.88188934326172,95.7338638305664
ZhiRUMDjqw1Ngth9OVvEs3Ww5a0DePs8Red70zbdt8s,female,164.0,88.39566040039062,79.73102569580078,92.23033142089844
Z_xb49kf5Jbvtr-nRI05H6-6bRk7LeY3ooxRwUkcmTc,male,180.0,102.80414581298828,89.81036376953125,100.29595184326172
qsGuLS0t2DexoLPkV8YHaP83ZOSZRpFyk19opV6sfrQ,male,189.0,100.38709259033205,98.37808227539062,103.34417724609376
g9j8ZQyw5DBZuJAB5unfmqJDFczHNCsOvSMI1LdWaOU,female,172.0,84.92212677001953,76.23271942138672,94.69231414794922
GNebjaYXMV8QAquMJ9OpnRBgjYs51iK222J87fnAzYg,male,175.0,99.13843536376952,80.46995544433594,98.56783294677734
4gzhVdluq4GEahFOrrRVLFhPRtaCNe6TRS0xydt5czg,female,158.5,83.4017333984375,71.7653579711914,90.63597106933594
XQPQgHelREBwnQgFtuYTglK4y1O-uOrnV_XD7c4OfoQ,female,164.0,88.63835906982422,77.20844268798828,97.31080627441406
PmWdX9mWtv6pOPuX7h0jfjLFLxlbiA7-5BonJDLNV5M,male,172.1,91.40436553955078,71.56597137451172,91.63851928710938
AhtPy8eUpV2vcLu0n2Ml3Tli0oyLRJqXybWmMsm6i48,female,176.5,92.07781982421876,76.88734436035156,98.10911560058594
wI9uiIebpGwG8SPPz4OvQbeNmnjoo9usVaFVBmE77KQ,female,166.9,83.46874237060547,73.6676254272461,94.65206909179688
o22WPLRUOVf1tlPThlczPc5xAAx1WMdRP-Xn_MhHUGI,male,184.5,99.0880889892578,83.16023254394531,100.86541748046876
1-Z2ZgpojmGFUzkcCbcse4YJKzOIF6LNchJsfy6laU4,female,160.0,82.40026092529297,71.39347839355469,91.83966827392578
Y_xxkYPv18Sja73N2MQ0jDOxFRHMiZsTrIZ6t5xuiec,female,157.15,82.89022827148438,70.2288589477539,95.21438598632812
AzRuQb4fUNeZNDybxcByCOcHQzN8BPYoOacSIuE50fQ,male,172.0,94.0087432861328,83.47836303710938,93.53609466552734
nMMHWDost2iUl31BLvWh4NSJXHyJYOwmCtahSJmyiSI,female,165.3,89.54290008544922,72.55918884277344,90.5453109741211
DO150kWLqQFZY4oWd07i0jg7BCyn-2CVxybcFrkRJok,male,174.75,94.11803436279295,78.79129791259766,95.2711944580078
ls9fUnK1573pT7Fyf45tVpKpCusT2RsB8UyhMmloWSs,female,155.8,91.84040069580078,75.8819351196289,92.84771728515624
ZrQbO5vCwItzIUPEaYJqmF4u5hKFJQpsMU3w2d4l0og,male,171.0,97.57564544677734,79.8189926147461,95.4428253173828
5rSctrSuzwYcwlosuroM6rtJGcvbPcxme9ZOuJwx2Ps,female,156.0,85.80509948730469,71.61743927001953,89.18690490722656
Mb3jqMAc-x1zRUhGxkpbGYT-zSWg4PPvzVTWtPamncU,female,165.25,92.90746307373048,75.11882019042969,90.63623809814452
vTUMTWfXk8YXmiaksxKYyFQNIi0ThhUPaIoydVb21cY,male,175.0,95.31343841552734,79.59796905517578,98.88566589355467
7orpzgW2VdIPb7Fo7K4RGK-V3AtRdgQdr8XhxuJyinQ,male,173.5,96.47369384765624,91.42251586914062,97.62259674072266
tyssJGCMBYb9oc9HA0srm3Wn-pmvkuZcYOwGJZ-QTxU,female,159.0,84.5943603515625,77.88093566894531,94.34422302246094
okmi0_4jJE4x4oUzQGWqaUr7qAXVZmr0M0sWv-wRfCw,female,156.25,83.5262451171875,72.32202911376953,90.22814178466795
ARfS_g_SLShf-MC6iRRcqbVYLj8XcaIMC0f1HHttn1Q,female,165.0,95.23186492919922,81.78768157958984,92.56550598144533
wJ6EIiaq6fF357kTbqLVwrFTMl8jXk0rjW4MUbmJDX0,female,164.3,91.04907989501952,75.66987609863281,94.08495330810548
W3FOvAMFzRvX69f3yEiJx9I9ZfTBVn1258um2EFnZeQ,female,157.1,93.50660705566406,82.76573944091797,93.92298126220705
KY1Q2Nc-yvVUEAKwvMMmeuQrSkSgRsQJODlxSLIncyE,male,176.0,101.49746704101562,76.59136962890625,94.01927185058594
TfE6yAvo7J83eJR47_Iv9O-elKbAPbvCbsEykF-GyoI,male,176.0,97.9005355834961,80.82500457763672,94.65840911865234
99rCWDsiu7BmmWXnf7NmjfD2FXdXJBHckHavK5uW9hM,female,159.5,91.53274536132812,73.95664978027344,98.44048309326172
C9u3gdyg9GeVZrIz7xVpD9lKdhg1AKmCuML3iVjJxs8,male,182.0,103.74070739746094,84.47333526611328,100.21829223632812
gFbNzyPb2KlCUleWkbVt6EJPfHih0db8IM98FlbN3VU,female,175.0,95.20281982421876,79.90411376953125,92.41814422607422
9Jcfu5TiBNhAQuyvzg-vEbQrKnq90fAEKiS4iY8sS4I,male,172.1,93.64445495605467,77.27458953857422,94.80999755859376
6MP7BRnpZvShtyTR6BH1pHChF47m7ePY1qc1SVTzdOs,female,163.0,87.84442901611328,76.95565032958984,97.65155792236328
75Z2zBnXoiRnHPGOtP6cFY6FYYeY7k8Tyh_mg6UOMCA,male,179.0,91.91341400146484,81.7974624633789,100.1913070678711
iZp1TSwjH76ryDe4NzXD3zZYZ_KDqkTP6MRqBLslvrI,female,153.15,92.61638641357422,81.21414947509766,94.15436553955078
9mPdGPLxTxIMgWJUqKBGAxM5MkQW1U-W4Lja23hvvwU,female,166.0,95.29169464111328,77.40339660644531,97.69303894042967
3aHFd4mFwyX39yx0F0TkXJ6UozmoLUnbf_Zlv7ARHAU,female,179.0,90.74156951904295,79.85150909423828,100.80683135986328
6hQEpAyrUfCQudE4eKvFP1w_0VuqsO3PeA4xnmk_fhA,male,169.2,94.6028289794922,76.61041259765625,93.9564971923828
5Li2x2DhznZOejXxWW2A17_zLn3imkjLXfa5WzvIeUE,male,171.75,100.8128433227539,83.24557495117188,95.10137939453124
NRix4qIfHXJwy9P3neEGfvsHPAmqyGbqdV8GnbE5Tus,male,176.5,96.19580841064452,98.63125610351562,102.49885559082033
r_M-e-dMjS9OIngF7UjeJnmTDwuFUh-8Qdfz1B-W7X8,male,180.25,97.31525421142578,83.3588638305664,97.22218322753906
R8TAI3oDN4eue22DWUjf6d5aU1hYX4gK1FnF5-F1CtA,male,172.5,96.6936492919922,84.11102294921875,96.42432403564452
5hTWxBMgZSl6g3hTr1NOoyNhQ62tuBr_Zvrqbp59UgA,male,162.5,98.14356231689452,89.72915649414062,96.23238372802734
oS_C1MttlvoWAwgApjtE5SKqUsaolFgKCOnaqaBlijY,male,159.2,92.95562744140624,81.62530517578125,93.36988830566406
9WoMeNOm2dWQm-674WB9tuwuzbdBMsQja7XA2JgR4ck,male,197.2,98.46625518798828,92.68612670898438,106.95289611816406
4ETJJKC9HNKcvTvC-u5DrkNO9ia7tsMZdnpvVuU2kmc,female,169.0,89.69903564453125,74.9278793334961,95.60244750976562
qeRW33RGf_zYM3td6IuiK2CDD_9-kpNG12W6DWZ991A,male,173.0,89.89898681640625,77.62297821044922,94.0628433227539
KrH7eR84pfuQ6Ltqaz9Y56lZZfl3veVlIsUHfyNLGs8,male,170.25,93.68158721923828,80.81238555908203,95.65784454345705
SU8ajtC4J0BylhJPVO6XHvhNND-cN0bNSyioea-I1r8,male,189.3,101.7677001953125,84.07292938232422,99.06495666503906
jdzOAe8rM_L8GfeiqwYr9xgWfIuoC7G6TmENCBf1xvU,female,164.8,94.18579864501952,79.44340515136719,93.99867248535156
8rXP3LvC1O-XRy-r_RvlCDR_6TSdtYQKaDfL3J8ZCsA,female,161.5,86.04784393310547,76.47454071044922,91.91413879394533
ZhsVRzpaQ-Y5NcohSeh2fzSisfrk4RquaSLNy3FZxXw,male,178.5,103.49413299560548,83.31637573242188,95.42479705810548
igR2UxyMOcZV8E2hxoVHsrJDwGEv4mOPcIYYL8kgCA0,female,167.9,81.10323333740234,70.69828033447266,91.6952667236328
jdhg9PKmWBxkNy650MTXu772t02kM12qnAqhuVe8vKc,male,179.5,97.63436889648438,82.01284790039062,98.89564514160156
eeu2YVfRnEjO9xiVJcnfdYoBq9PQnhywDYR6jE3iuWw,female,157.0,92.22139739990234,77.07786560058594,91.75626373291016
VWGaeW4ZpPs6vpLJuTm5F31ZTiy6uytwHmWmwPx2fF0,male,168.0,94.04485321044922,78.99542236328125,89.4644775390625
t_z08NlVzfrSwudfkajr6oQ6Ba2O4h6Xy31nB_12220,male,170.2,89.27678680419922,76.69352722167969,93.24427795410156
lUxLaupdCSzNw8q4fe14GroR2HfT3VHUrsgXRzrxlTo,female,156.5,88.06958770751953,74.48059844970703,94.0302505493164
P7PpDV6HKTYXWgAL-1kAoYYPIrFdsoOAa8Xl7rfXUWI,male,188.0,102.2090835571289,87.96160125732422,100.31736755371094
dx4U9AbZLiHj6R0G_NVAZDWQyZYuhiR7AstECCFnlSs,female,160.5,94.94503784179688,78.20207214355469,93.5940933227539
ZBxQIUTRT9IZJ2O5m306CNiiM4hbKU3YtdHVfzOyfko,male,180.5,95.60110473632812,82.18189239501953,95.78246307373048
FwAVG7nOPd6T1uCC4QKtEfaDCf9KzAoZatrGs55pMFY,female,149.7,85.15540313720703,70.45189666748047,89.69692993164062
IaTbCFs4sdnWmB8bXOiGcUq55LAW3OvrB4QCGvpVjMU,female,174.2,91.08834075927734,80.48578643798828,96.85829162597656
xnQIR5LnabjOmeUaRTnWw5ZrUNFbPAdXtagrBEqeDcE,male,180.5,99.39224243164062,83.44312286376953,94.12247467041016
l5EVWtfrpHCHEhPFyIVQ4ukpQPaWTCD4A8xKKWVC_-0,female,167.45,83.55033111572266,70.98445129394531,93.9344711303711
Bw2PyLbuifFyXit6r_6EbyOjNAHUYU6pi1NpbF5_Xnk,male,176.5,103.09366607666016,92.43561553955078,99.71554565429688
OuqGc3iTumHR0ki5YB_FgsSlcIE4r70wUppri1uf9HI,female,163.2,90.18434143066406,80.05665588378906,94.85208129882812
srU1eubj5ULw4Y7MtBKwsu2tWtaUfME6nFF6iczt9hM,female,162.5,93.1029281616211,77.6559066772461,96.4105987548828
o8_091aPCfhmP8-DLu5nr5RXd-uGjUUZSX7Bqj-DcIA,female,170.4,93.49269104003906,83.70604705810547,100.58313751220705
mS42ublMqtTjVWM-sw8on9NbezTgnSeBQSqv7IXUOss,female,156.5,97.90145874023438,82.11316680908203,91.61695098876952
2t8xZI505mJw9HCHclITVY-r_VodvW6VubTwdxOihTc,male,171.3,95.11683654785156,78.4588851928711,92.61956787109376
fXGd__IePZib86LwRbqUjSqYohYbZ0-AVQHIM-NVhI0,female,165.0,86.42533111572266,77.3415756225586,94.7502212524414
xUJD6pwIk3G3gwoDJV04spXq6fmrbl1jdbowhPrYk8k,male,177.5,96.6128158569336,81.8359146118164,99.52635955810548
fvqectXDzHYCNvs7Qe0MbuYcppwMaAzkcNTbJlrVHDk,female,168.5,85.3958511352539,75.83552551269531,97.76620483398438
3fV__g7Y3uKSeOKgi9SPbbas0V0kidmnE4S4CB4itII,male,161.6,92.88772583007812,76.04280090332031,94.36646270751952
wzwVXZAO8tOG3nnjGoThbsv99F8lsarVgpB_bXMiTo4,male,173.9,98.67379760742188,78.80526733398438,93.40372467041016
oMB3E-44PX48RlnlBdI5NDIZr6gNJHUvT_ttGa6SGi0,male,173.1,98.48477172851562,79.95170593261719,95.75333404541016
R1D_E6s-GP4mOhzN9yvgHcF-8vXl9GVKmbq1XL_g5_o,female,160.6,86.00606536865234,77.12940979003906,92.85546112060548
7BFmq1CW-D96zSoH5-BbWCD0yYxDoQBXGFUMIOVzqsM,male,169.5,97.4301300048828,88.55131530761719,93.81643676757812
hmYxW39dKkjA6Un1wW5rzTdlT-pfUWyHwnAzQuDRZ5o,female,164.5,87.44931030273438,76.52101135253906,97.91728973388672
pencMfrIHPxVhUCSU46MG-GTnQQ2Wi7TADySsumy80E,female,167.5,89.01689910888672,75.05596160888672,98.91060638427734
ar1ZBYi08jgVt4YXjcmSLIyjF8WrnbPa6z4ANSX5KAg,male,164.75,99.32238006591795,79.6445083618164,93.03814697265624
GtQ9gP3Za_ZIVIfW-ZMOlEQIafEsUG0g-1U2UbnnD0A,male,174.0,100.06362915039062,91.64586639404295,100.26116943359376
bPt8_7wDTzCAdQrWWxgdyMntD60mmdc0K5qKNu8RR7o,female,162.2,90.45177459716795,77.26161193847656,94.48253631591795
blo8SH72yux-Yb9SmnP4WcN_94yo9OwgUZLxhb6lyOg,male,175.1,101.16633605957033,87.63758850097656,97.02408599853516
vNlwWGtfiLjEZWc0BgWoeM6Bcbr6ZtdORMQSCuEovfI,female,165.75,88.12205505371094,78.19837188720703,98.2566909790039
vPGGI_Lz5wep4ejoZaE88tytVmP1T_qOEZNtcjmxwT4,female,164.2,89.85311889648438,75.88939666748047,93.7995376586914
IR9AoadLFZ8kAWZ6HWZAC_RTvMzMnqb8NnRZDUHIA6Y,male,177.4,97.98523712158205,87.01386260986328,99.56047058105467
zmRG_1E_Nn8ySy4abP899E_O-HTwWNDrt0Me4kyaRm4,male,163.9,93.4004135131836,81.36132049560547,96.18926239013672
taY0el3_XhjW7ijwqSr1qz5BLr32IGP4RnWVV54M6mw,female,161.2,87.17256927490234,73.3738784790039,90.10991668701172
wTawr8HsdMVLaNEu2ZOTHUIRFivR018bEUH54zGumB8,male,185.0,98.95415496826172,86.58818054199219,101.48760986328124
4OGlvdnKlkPp7rdGBvsR8jUAkKOQ2i9UZ90mbqjIBss,male,196.0,107.18971252441406,90.9327392578125,104.08235931396484
AjjB843zmMmQX4CfAu_mdS4mOj005W6mZjJzguc10Xo,male,178.8,97.54702758789062,86.97792053222656,97.04307556152344
kpJsMMDnIW0Iw7oC5zZySsWphjLg40e1PQodDo2j_1U,female,158.6,87.81676483154297,75.94095611572266,91.73931121826172
CBvOOoEpsIew33mjzFH5NNwXsq88i3SjVq5Hwj83vw8,male,186.0,105.34912109375,86.88056182861328,99.35647583007812
MyfWZFbdaoAyalT_KRfL_POdoeNK5jBv71Dq2iP2Kno,female,165.0,88.24175262451172,76.90975189208984,93.3925323486328
xVVI5tmT-bXqckfISkHkOJJRxYvEMcoifHlX6gYmDnA,male,169.0,96.60286712646484,82.34439086914062,95.44379425048828
KBUxJlqCTBFlf0CqseleLcojg9FJH4ZwOQpLLQElx1Q,male,173.5,99.08667755126952,89.65813446044922,97.57946014404295
96LtCRgHuVdWN4VIvc2STyiKSLUPLDAQx5GcgbOQXgA,female,173.0,84.9012222290039,76.0911636352539,94.34487915039062
hT5OLBkxFGOwz0k5698gB1lUhTpIkc_vHyBA8Ca1iZY,female,174.5,89.58679962158203,84.8788070678711,103.990966796875
CMPEl1j2-qA5LzX_y6_NgQ5dlvmYZule7DU0dwawvRE,male,186.5,98.66840362548828,80.13569641113281,97.06980895996094
WiLlmi5NWoSW3MbBNMNt7ZmBu-wivficyavg2i4ryhM,female,166.0,90.86917877197266,74.71552276611328,94.8000946044922
-gMnbkDTbXza9PMNAhyVL5xBmz4VZQU_7eNooMMvalk,female,182.0,93.89010620117188,81.50312042236328,98.17752838134766
4O8aBm6WqK4iZEWaVSE77na_BaO5FzaUWq8yTrb-hS4,female,171.5,87.691650390625,73.0081558227539,98.70677185058594
OEVYdNtZzji0-PRO4EFc_6Q_ValSmp9OOEMJylOUfOg,male,166.2,91.71793365478516,78.87883758544922,96.84162902832033
0dkJQu5l-VuhdjnK9sLKG4_uoOdje8saucJ-hKNZ6JA,male,168.0,95.82797241210938,84.59892272949219,95.76907348632812
59bc2765681516389ccf44f7,female,165.0,85.81626892089844,78.39317321777344,103.45597839355467
IkyccBea5QhAAGKh0beMSEPTd5dSn-mS0WrB89edmY8,female,175.5,93.52111053466795,83.29783630371094,96.08650970458984
9LOvmRMbqtYCq9Jtlup3dS7xmEidwjlTRwAFr489UF8,female,159.5,90.889404296875,77.72613525390625,93.59973907470705
uc1Re61ht1q4VOQ-3zxfqpcHB5S6a9Xv5Sba5zlfCus,female,160.7,83.17345428466797,74.12433624267578,91.12437438964844
oT7XIx-YigVXnuotaCPDB23dc_zQ6hb0UyWUf_Y2tnk,male,168.5,93.82801055908205,82.38199615478516,94.6272201538086
3O9btgqdy7RllKtquu5GJakJSzLCiZlK7mjps2nDB7s,female,167.4,88.46890258789062,76.02149200439453,95.24655151367188
H-BOQIk-p4BUA9aTSXwPPf32VpCrBRWxHaToTc0_oRQ,female,165.0,87.37149810791016,76.00860595703125,90.58439636230467
S9Nv2Cy4a9bOgizxQsboycFVmZZROIA22x4QwiRfPRE,male,180.5,96.57091522216795,83.11473083496094,94.83528900146484
fNCOPEb3eRNLm061I1hzsThiLSHHdsN6CYo1mqmjxjI,female,158.5,82.54508972167969,73.54761505126953,94.08645629882812
9PN2Hyak2W4F0gdWq0Lzcrm-GnEn99_8fKZCbiel4VI,male,173.0,90.52546691894533,79.49871063232422,96.41366577148438
59bc2767681516389ccf45fc,male,163.5,87.51315307617188,70.75334930419922,90.09490966796876
-JvTra6b-sTRKwQQZ6DHxXMuRtvz2X0fkXKyrXyrcrk,male,172.6,95.77923583984376,82.21373748779297,96.9201431274414
_GgXggxtTZHMJaQ-QMqtKjHj-yhCTKV9t7B932Dp4Z8,female,159.6,95.63521575927734,78.15558624267578,92.56716918945312
p6OY-E1DhH9SvcX_Qzm8cEniMCLJxRAWANGHBaikc9c,male,175.5,96.55697631835938,87.17699432373047,95.64859008789062
TCrzWF7EcyvrBbCU3rIqA3vv-wkBBnFpBR-BXZGOqss,female,162.0,87.52013397216797,72.35293579101562,91.2623519897461
SyUN7XbznL_hdItMdq9aDC_2Qt1BgkgQITNB7IdKPWU,male,180.0,98.97891235351562,90.0772933959961,100.51319122314452
vhwKWKR4nWlKpBiQxP1iKM7y7_URvtNrJMGwH2pLZpk,male,170.4,93.14688873291016,83.09249877929688,94.74386596679688
f_1_PpS5zJTfwdV7c_wdLRNRFeMVKc-ZYCKQzjRbFAc,male,170.0,100.0298080444336,78.45903015136719,96.03302001953124
nNupwm_XMGtXuPI0XoKClyBSW0F_x8ghtyggcx0P4Z0,female,165.0,83.68277740478516,72.7418441772461,92.5127182006836
QScXtldfJ1arhceGOcY92H3vhIyajsSdzOOCEp6zZc8,male,187.6,98.64518737792967,81.75798034667969,98.7657241821289
V0JG36keRQG-3TKu70Ld1BreyXf7fSPxXTO7VfH1cC0,female,169.7,91.9901351928711,79.12957000732422,97.65790557861328
1eyiZ_Rvz8UaYjXqcnoxSDSIOJNFEtE3wALP1pOVFWo,female,169.4,88.88947296142578,78.02482604980469,98.19741821289062
DO0TBM6hS6eBNP3lGOKT5r44h22ZNNvEsIpMG4PqGnU,male,175.5,96.06208038330078,85.52925872802734,96.9735336303711
xrH6w3yGFfb_NKebLBvPplwbxT6R0LVLf5541a4hfN4,female,170.5,87.73987579345703,72.2890396118164,96.5921630859375
N3qD-Pa-IRbfFudTncQZbBY1Kkna0y7-mxiFH8AcNv4,male,165.5,92.4009780883789,80.20490264892578,92.59286499023438
EiIlFN1kdDC4IuIIEaEOUsCL3sfvPUkvsRXER8kWg2k,female,174.5,89.49822998046875,82.12833404541016,99.6652374267578
flOHDS_DHCemPHEzby_5QJYwe8nU3q3p6fF68BOUyR4,male,172.6,97.11193084716795,87.4410629272461,96.11933135986328
EYCxG2aZTvf9mzPRA15QhSaxoXd_VJJ44jbWTwSYYbU,female,156.3,91.89376831054688,76.32295227050781,94.24156188964844
XPaYQ7o49xQ7tBIAY1re6nIrNvsp5F3Oej5tc1kjLFM,female,170.5,90.02999114990234,75.92591857910156,94.7773208618164
193hZ00YkXnJkiKzfa2uKF-9sbT7ixqG4KWzAPVvtXU,male,173.1,92.68321228027344,78.90081787109375,96.11089324951172
TEKyW0xeFLuNWII77xyC3bbGe8AylP5D14B-s2Om_QQ,male,179.5,94.19695281982422,81.04175567626953,99.51580047607422
BIF35RoJ4W76JSB5HL0sgDi6obf_rKNkxKcIQjmIM5o,female,171.0,90.36195373535156,75.5041732788086,98.91799926757812
IN-FCi-cwCWmJlFjgaVL25Lo4ZIk7hTEURYDqRzBKEA,female,152.0,87.96600341796875,71.651611328125,89.27299499511719
8mPhEIhCWSuIlfJ3OXm7baWgvJrrODEl2QhjrwJ4UjM,male,180.75,96.66950225830078,82.28295135498047,99.00411987304688
EHvGjGPbMe-9c5RQM9QVBebxCQhJ3r9Ic1RnQdCuS_o,female,164.0,93.59921264648438,77.5665512084961,89.62042236328125
LWmSj6WXNRmjBFn3XHudfNM3LZ2Jw0kSsv0naXOdIlg,female,175.0,90.1961898803711,78.97496032714844,97.39762115478516
ANcS9XoH2pvznx3fHddauqj8ZSRshkxtCyuPPA08d_I,female,161.4,85.62718200683594,77.32469940185547,94.35627746582033
JeRn9LIqbTw372zNLzoLwNV3ICFLHLy2IZh08uDBAFM,male,183.0,97.90750122070312,90.21248626708984,97.05465698242188
sV2bCzbq3Km3o9m2k5DndlwmYwylBErPqag8rRhOh8w,male,180.2,102.72332000732422,83.02376556396484,98.96696472167967
XuM3SKR54GXLjDZVb4yyD5GBVte57nBqWiDbcZS2798,female,164.5,90.63585662841795,77.06206512451172,92.9299087524414
thTDLlx0MuTg3IqWfgAJQPPWksOt-6n3bnTpjJiuUrg,female,166.0,91.23027801513672,82.59318542480469,95.83922576904295
QVqq2Hw45tSfwmA9HO7AxeBnonmAaUIEM7yz8UnYktc,female,166.9,95.1103515625,76.82209014892578,100.36817169189452
co0d6u57HACMwsmPG-Ijr-xDUrvpBRkEl3L_bIDrWHg,female,159.0,84.83793640136719,75.25702667236328,92.92909240722656
59bc2770681516389ccf490a,male,182.05,99.5175552368164,81.73310852050781,97.58364868164062
bv5BM24TYdQTIAiXow05WgedRo2huSkBOGlxlVIt2rc,male,185.25,98.25739288330078,85.59978485107422,100.41097259521484
eAc4UBuYWDs825J9RBHSvCUU8ZsVLfB_OzFepwasORw,male,178.5,99.60247039794922,86.74730682373047,97.31060791015624
gLRWSeb6dMtb4PyJ2oOWeJbCMR0rjm29vXEr3NLba1U,male,179.5,98.5784683227539,93.4320068359375,100.49874877929688
6lJyNO52GfSVX1FnaRo8kpKV7FQZff4JOc2Ikz_e_jI,male,188.0,96.06599426269533,80.14030456542969,102.1569366455078
3NqXXy-rq13kLzqPJL253KQvUdWlJsQnuSd3Sd6RQSI,female,165.0,91.28962707519533,73.08287811279297,92.9954605102539
sm5DOefQNnBRCVEsUVAvSZyhkEMTrcTwh3hFc2m8v0s,female,158.8,98.6719970703125,78.90436553955078,90.9272689819336
GEWn-MPLn3WOANj4qOij0sGoggtdTBgs7syRY0uXul0,male,172.5,99.9403076171875,92.9946746826172,96.58241271972656
wBNl8HpFrh4wxxJm-3LU1sbkM34RPMlF1qlBFb9FWhg,male,164.5,91.7360610961914,82.4375,92.67110443115234
nba34fQdYxD3Bxj1y5BEd1fPxufvWVy9DhQtUfaIH9M,male,181.75,96.3927230834961,88.7731704711914,100.8514404296875
cB1LJQT8xAi1V-c-rFvxa8CRqUwaWEofqmVwNAQP3PU,male,169.75,98.7549057006836,88.27291870117188,94.2070083618164
4a31Z0HZ45WeaaALMQbtUVsSY3lsBcdn31D-NtXsLI8,male,163.2,92.17448425292967,78.61750793457031,91.05142974853516
MMs_PLZrw4WHD4-VB07Gvngcg35zIqnb2ECVjvNBcDU,male,174.7,94.23514556884766,79.67524719238281,93.39508819580078
59bc276f681516389ccf48b6,male,176.45,98.89209747314452,89.55182647705078,99.49982452392578
O36GvQdvm9ASza-DXBK3ccl-dGsikNceCPoSlbITJxU,male,177.0,95.20664978027344,84.63192749023438,96.94183349609376
zR93Dv0ufOhGfFtrHxUthSgsVuzRNlpav-GnIY9bXkc,male,165.5,88.30060577392578,80.00590515136719,93.64901733398438
5lqVSo7SYRUF4NpANtJ40yI1p40uN33TvH0k5kKXEG0,female,150.0,93.05802154541016,72.40657806396484,91.0158462524414
_qSLVGmt40QMbyc2-29BlaFANus9R6YhfQj7oZuMJo4,female,164.5,85.07595825195312,70.26798248291016,93.52580261230467
t1LgFtJQwjF0iR-F2AVrdzeNojWERTSEnwPfxDQwfkU,male,173.0,99.8919677734375,84.25324249267578,93.68362426757812
59bc2768681516389ccf4635,female,166.5,93.5320281982422,73.64997100830078,93.2886199951172
HQb_MpG23dZdT6BgWqDOb5Osk7vO4J8UmoH5wRzN8vY,male,169.8,95.77259063720705,79.15670776367188,93.25574493408205
EH-2ZQu7BOe3EdDMU6lnma8I2A_IjTFG8k0XRL3KABo,male,179.7,99.04820251464844,86.02307891845703,98.06086730957033
3DHVh6yH4O8Yxk5pCf44wqCFmoSfAeKW5YIorkkBRXU,female,165.5,88.39102172851562,75.1349868774414,96.78654479980467
59bc276b681516389ccf4772,female,163.75,90.66168212890624,78.17759704589844,96.26025390625
VsiJfD1bRvlb7thKBwmHA0K49XJdQo13c8XIvacYLX8,female,165.2,100.30123138427734,83.28334045410156,96.73484802246094
tVXeCNIuCZXePbPiwmPWaUWgIaHLU_yCxFoWUn6T-8Y,male,180.5,100.8412857055664,88.23287963867188,98.87825775146484
gr1bdyPSd39J9DjfhT4jKHtLR5r4BEmLALNMf0_Kic4,female,161.5,89.19832611083984,78.2248764038086,94.1702117919922
tjR9iE3QtSNttTqJPH28TUHKj4DXuNznzeziAR3t1Ko,male,183.0,101.56282043457033,79.72455596923828,95.55416870117188
X8KiU13fy-6-RBYbFhILEDl7ebVX3D4VGVVHBXmM9S4,female,157.9,82.80918884277344,71.06160736083984,90.55056762695312
eK6B2j-oqVYLvrMxZs7P5QDCWM1XxRB30IfeNv_hlDI,male,166.0,99.33121490478516,77.86536407470703,88.74543762207031
Bt-NL9ZT5GZxAuA8Xd2pI6oA3ZnjyF5sZ47u3KkkNGE,male,164.6,95.11143493652344,76.53728485107422,91.84507751464844
C3PIc8UwCvz7hHumkLxIlHqNsGb9nT0IJ34SeXGwjew,male,174.5,97.53819274902344,85.67321014404297,96.4544906616211
ZDJfjgwr6IbHhwMp9M7N-RtFhGdAn3_wcp46mWWuao8,male,171.7,96.42484283447266,87.03636932373047,95.3445281982422
59bc276e681516389ccf4871,female,156.5,86.32673645019531,73.10480499267578,97.38899230957033
h2KiedXPLm4R8tqzxd3t9Q8GE77z1QMHtQCQGObkMzs,female,153.5,81.62028503417969,74.74259948730469,92.53626251220705
hGgSaHyBt7a7xEgYBWqhBjRr7XOtPmII-whSqQMTzxE,male,176.9,92.59854888916016,80.92025756835938,94.90536499023438
d8kAWxZMRdnHRXcIU8akC0q2BCpzHElm3KyDjAgV_3c,male,163.2,86.82466125488281,74.10747528076172,93.02391052246094
FWIpJsIE9XnkEDUdFDJm07EZ2PhHuNzs2f-MJWog-zM,male,180.5,100.21135711669922,81.48038482666016,97.94135284423828
UC1I12kxQeO1gqcJ0WoDNe108hjucXhn851HyEXzVFQ,male,177.5,97.42567443847656,79.88288116455078,98.8795394897461
zEfVsePe7jAH5Sp23gybvRDHGq88LOP8Yg8asBY2Dec,female,153.4,90.65814208984376,70.2940673828125,90.79885864257812
EDxCRFGEDIz3y0Po9KOn_bb2ehChgvksQ9rqfGDQ3no,female,164.1,84.13955688476562,77.13489532470703,96.96221160888672
v82IZNN3sKt0SWeSUQM7c4TOAsem_w9oplTgAyvo6qg,female,156.8,83.37869262695312,70.07381439208984,92.21625518798828
-brqqjqyO72GBQPYhr5Qop65-BnuAvtFdWj2dLeVrak,male,178.0,98.26996612548828,79.04681396484375,95.80044555664062
LFcfI7v5U-hNVB1MWf2DyOtRrcv_4FxWEkvqawrnVCc,male,178.0,95.88055419921876,85.97740936279297,98.3603057861328
oTn7L_Kt7bdAz045HTeD7Y2ttCliS8s4ZEbzic1Uj7g,female,178.5,94.85674285888672,80.69010925292969,102.13327026367188
QGyEU_F-3up3kln0_3lsdpz562p0ad8DRgCzf_iViGk,male,178.3,96.91221618652344,89.17633819580078,101.47898864746094
8lxaWmIA2HafxRaIenM0WIV2MrBYIF7jB9A3rU-Ewq0,male,173.5,101.31234741210938,83.94230651855469,94.37858581542967
7KuyUFbS0pv7tYKNBOdclSFLnM8Ww3QycBqrLugWQ9I,female,166.0,94.87691497802734,79.53091430664062,92.15032958984376
n-Is4aWHtDfGrZqpwWVO7YjFIZx2yEw2oyt9J8kCks4,female,156.0,86.3550033569336,76.09247589111328,93.35910034179688
ic_H1vAwhyhu8jurY__s2TgnwYZSHE810g3qbgJEglI,male,177.25,103.47785949707033,92.43854522705078,94.01847076416016
r1QbDZDoHtvpjsh3VrHS3khZg6_tDrsNZaR8OsoT_So,male,186.25,96.7081527709961,90.01253509521484,102.5223617553711
q7AXDs_MHxY00kv_zS7RiWNhO5PT44Dq9WdTIg4vJOQ,male,177.5,95.81812286376952,82.869384765625,98.4250030517578
_XX21X3rkVOkh-zaEoXpAOzIe48jehTSbz-sUGxhLXU,male,168.0,92.3437042236328,86.05914306640625,97.09068298339844
H5BXpapkLoKPOIalTu6xdBS3wVpWYsBDKGhIFDs6-MA,male,182.8,97.88845825195312,83.11014556884766,100.83409881591795
BAd0xtOsH_sRg0JKio9izgE5u5nS9-FNc4IftcfLDVY,male,173.2,97.17344665527344,84.46202087402344,92.21472930908205
6GY7MGgcD8y0dG5ul2mm8JrMe4nkDDvvXu1ZejVL6L4,female,159.5,84.44432830810547,73.49687957763672,92.06871795654295
QsfW9r37rNEuvlI7R89pMY3WbI0itD-PML1D28QCAEg,female,159.5,87.45228576660156,75.77815246582031,94.36808013916016
nNXq0IilU2cZKESnWGn-mUPihDLruYCPSvRXfQaaV8U,male,180.0,96.73590850830078,87.39411163330078,101.03529357910156
59bc2765681516389ccf4503,female,157.1,83.67066955566406,72.89482879638672,98.68939971923828
eonoXwy9pT922SStHe7phTF9E1OmovMGwf4MRYSZ_gk,female,161.0,89.12891387939453,82.78244018554688,94.3582763671875
fhoVCLEfdAeNjmGgLycsAVQemJsS1YVm35I2w3Z_C0g,male,172.5,94.3941879272461,78.76106262207031,95.54582214355467
KCG4hvKjwCe1hUSKH85GBSCtH0PdZvzTbXqYmr8XjQw,male,185.6,101.111572265625,86.67778778076172,98.57424926757812
v1iwkawHa_mvcyShDuvDxHmLngn9qbkak_27bN022NA,female,171.25,91.8240737915039,83.75464630126953,97.10432434082033
yZU_zkLPyhJZVu9TszgzRx5eBR1gqAyaRarQj5M1b-Q,male,174.5,98.08401489257812,80.10416412353516,96.36461639404295
ciLRduStcoRnAQ-__Qs6QLQWSGY8dxjjK1d0PyYwF-Q,female,160.5,88.86255645751953,78.52277374267578,88.57616424560547
Hy31xfPOxuoBInQX_sziauZLswjtbSy3-mVtPjcpt5c,female,173.75,87.5989990234375,82.62022399902344,98.10951232910156
wutFWbhih-orG3VCpSMZt-I-xZoTqfsFuJUDON0YUlE,female,164.5,89.09475708007812,76.8660659790039,96.81417083740234
lcbLSCufzIJ9vFTUNBi49vnsYb84DQiJlrX1v6a2wqw,female,152.0,88.310302734375,73.01872253417969,88.49134826660156
nkdZDs67o3e0aM_zZaUqTtkeEM60_ss65FaulUeepFM,male,169.9,91.40721130371094,81.801025390625,96.58354949951172
BBb7iHIhdhoi02ZQMSh-dEgl8LPlIx7ZB9SoHi30RiI,male,173.1,94.0931167602539,82.45538330078125,92.58075714111328
3jslvtD5_LOEvSftuCbSHqqk_t9fVhzp4nGUwkS_ik8,female,165.8,88.32844543457031,71.71896362304688,93.2319107055664
hp_iPWTohmd-ODH0MNibX9tib22G-FJ4OdnSHJqhPio,male,181.5,99.20046997070312,82.39848327636719,93.21110534667967
BdFJ6S4lBl4736lPf9jCcvW62dG3MLjVe1wmgozKwfE,female,155.0,86.935302734375,75.59194946289062,90.78823852539062
JcbwYfgh9SOZjvpMdR0ZJfhL21gnv7rVQ3obwyGPsSE,female,161.0,87.19618225097656,79.40950012207031,95.72319793701172
8UQcii6gOsAZ8HUKyvQSY4pNNig85oyG7YWf8Pv24rw,female,147.7,91.15406799316406,76.50756072998047,94.69081115722656
RZGVhoCaP47IHpVlPgcaB8_FpevNIj4qwzBE3mqIJ-s,female,173.1,91.62933349609376,73.94306182861328,97.4570541381836
Yra2feUI-2uuD76XffsCRnFuMlr7G8G0Dt1P0GlZNUo,male,180.0,96.30374908447266,79.73332977294922,96.7918701171875
h5qYr_SxRQirhf-7Oqw30zv1y95gIFcFe-nh0I4vCdU,male,175.0,98.0183563232422,87.12116241455078,97.64043426513672
59bc276c681516389ccf47db,male,170.8,94.37281036376952,77.76795959472656,97.6846694946289
BudSKCmehLTLYkcJ3Rqgwlytb6Y9zez4iFh-Qs0uz00,female,155.5,86.3637466430664,71.86610412597656,94.0890655517578
P8HjcpmrkvjCE8bRSLOeAp0dccbVIhGqff_ua4RKIac,female,167.75,91.41726684570312,76.30307006835938,95.97653198242188
ysjUTkYsWk2w5-l05KpGpo41quzoU-YWRTZCrndNlLI,male,165.75,98.2216567993164,86.48990631103516,98.70777130126952
xmH69ldFvRNLGcaQLwW_bCUUU5H_GIuskbslCoMFw4Q,male,191.85,104.47482299804688,83.753173828125,101.41165924072266
46VsVUuru6DhW_LTFsCi664FsyD9qihVm2HCBCR3EUM,male,175.0,97.48011016845705,82.05994415283203,94.78883361816406
6yjZK1Yx1DY8NMe6bQJ7276bu6ytYC6Q0EqlOyDDitg,male,171.5,98.00142669677734,79.98310852050781,96.42233276367188
9ZCT7eFSAxVn7Pk-q0U6mCUeQTkjVVgF9ULy7MVNiFA,female,160.0,87.24822998046875,77.23649597167969,94.95187377929688
imuiUv8YPQ3dlNu6BmbAghuxOMm1hG-rabvRQfDMkPM,male,177.5,95.09461212158205,82.55289459228516,100.44810485839844
Las9lyHX8ahvkOTjgNXmDsoVcfV_I00LIW5AiGjrD8U,female,165.0,88.1236343383789,76.44918060302734,91.34050750732422
6br0Uv77d13mO-1TaZ1tZfaabJ_I6d4wwTBKdXTJ5sA,female,164.6,84.7527847290039,70.1293716430664,93.92755889892578
gvTI9Qv-vBw1YWxXKa8cCivktkaSfS5Si30Hbm2hc8I,male,174.45,94.86418151855467,83.23542022705078,101.6327133178711
XY5IBUxnQ981n3UvFegHkU9lz5ho3m7QETaeJ6BJlwo,male,179.4,103.8967056274414,82.12384796142578,95.50440216064452
fFrDCPtjMVOQo6lhZX1j8YB4DI96KbJWvHj9Cfql690,female,162.5,92.9804916381836,75.07633972167969,90.14704895019533
VXOk0Gz0hSa_xh-GNz2o_qnPXriyWKoOKiCJEktL79A,female,160.6,86.48983001708984,75.09126281738281,94.65157318115234
zrydWW1YldsSPK0Dey0YMyjPCF0jOvwBTfofxzTnNQI,female,164.6,87.90978240966797,78.58944702148438,92.6561508178711
Qhq5WBZPQIcW7PhH7-lgUiX7qqU3fjqH1CD-Bf2j13k,male,178.5,99.4810028076172,82.9134750366211,96.71829986572266
D-00SIzv7YqJxQbnWSav0Mpc5tNuECWfkjuE5q4BuNM,female,159.0,86.33696746826172,81.89144897460938,96.38197326660156
59bc276e681516389ccf4877,male,172.7,98.9341812133789,84.91651153564453,94.9108657836914
UNiJMD29Emwoq3_ykdCVehh3mPaRpfVhbRP12sXgHhA,male,185.0,101.34797668457033,84.03289031982422,97.83584594726562
ZNNtbFL7l2Nxk23nni_CIa9_I9rdkqxjtOCoGKRkQ9o,female,163.1,86.80254364013672,75.09654998779297,97.06998443603516
TKll-RyU4HX19igR4WPoDasfvSupSAHzE55GmliHne0,female,169.0,117.7835922241211,98.71647644042967,118.0961685180664
-PYkXBwbmZJNo9F8GNPxL69Oy0c4qhIOD6Zz1lLN7jA,male,179.0,101.89659881591795,84.89327239990234,99.2237319946289
-tPcFq0SHXzMQftt6mXFdWmSVqSsNKLg1JAC31A9KO0,male,163.0,94.67241668701172,80.2665786743164,88.92472076416016
dMMJpDQu0tntRZkNqPITTKJ6p8grMut0NyX0vF4pzw8,male,174.0,94.44683074951172,77.66840362548828,98.33484649658205
9Uwx1ge6eJ8d3jh01XWd7eOBM6AZ_YC2lfB9NYVjVYQ,male,178.4,97.95987701416016,83.82388305664062,98.63907623291016
evbmLnGTgdGrLQwykEt7tJyebh5S3_QoLcXsMYyZ0cc,male,184.15,101.85797119140624,92.93844604492188,99.9337921142578
uWNpWS7y4dopu_NEgKaaddY0E1Ij2OHO_HGyMEBUNkM,male,178.0,99.6063461303711,88.30780029296875,96.483642578125
59bc2767681516389ccf45e0,female,172.05,92.334716796875,79.5113296508789,95.54670715332033
c_RN0nF9LW71ZYJQnSp8mUN88GQlyQ_zc3QrUUqerRM,female,159.8,88.0613021850586,73.35224914550781,92.80914306640624
RUO2J9Y34xvK2dxHt2CHiRdfWwsZ5el7VQMIuf_FIJI,male,165.25,94.9868621826172,88.11156463623047,96.3188018798828
X8sPQq2DiGRGqQnhd9-T-hF-NpLLBPgXIxgWOBdGgI8,male,173.7,95.83924102783205,79.6401138305664,94.10009002685548
b5Z7tIgVJTK8Y9EE5EN6InOm2QkZ8qa3kiIb2B1DvDk,male,177.9,101.8688735961914,86.04345703125,98.65846252441406
WkY6iDAhg3Eh1yJR8r8iqXHcB97FwlqYVc2al5-oTBU,female,171.5,93.01324462890624,81.40026092529297,97.34872436523438
f6YHzuyvYmsyWW_ymqXmA_nbnCaSh8JxKKP72hyt1Aw,male,171.0,100.81524658203124,81.73663330078125,94.20340728759766
5D0ey117hSU15IhFwv_AMoW12dWLH-hA78F27-tMvGk,female,161.5,88.8179702758789,77.46621704101562,94.74569702148438
CigWnxFs_t9NJNTzq7PMdcO6162RK6ETpwLtHG31qbE,female,164.5,93.9203872680664,81.12118530273438,97.27999877929688
0xWjwj_aCohCfNcyM7YqLJOLuJlGUsbKftfSUjwaHys,male,165.5,94.49571228027344,85.1277084350586,93.83394622802734
Xgshyw2K_FeeM3GNCyfoS5pJoTNIfEGMf1qKQxiO5YU,male,178.95,148.44302368164062,164.29653930664062,166.85157775878906
be8CgGUva4wFWAGzIJyfHXyYyZxcVMUK9IXmJ90JEug,male,183.4,152.4258575439453,163.43821716308594,161.3832550048828
59bc275c681516389ccf41bf,female,157.9,153.9407501220703,146.97230529785156,158.51791381835938
TszWqWftIyEOXwJ4495NROUPn2ui88j8RdJrMy5eFKk,female,171.5,138.94650268554688,133.4892120361328,149.5803680419922
1obtJV-1XLXVJLmVLYfge5Q3Tj6KBWRz5lCerwj7hqQ,male,185.0,149.62538146972656,148.1142578125,149.68731689453125
t8e5FBXCLjG2YndD7s8U4bOme2PDNMrXqjETMJPc154,male,178.0,137.54696655273438,140.94802856445312,141.4084014892578
59bc2758681516389ccf4071,female,159.05,148.7958526611328,129.25729370117188,145.5550994873047
T0HhbFzQ60gsY-H0qpRQ_jECuCQI87t72Yo5A8thRMI,male,183.5,145.3719482421875,136.8136444091797,142.72314453125
59bc275a681516389ccf40d8,female,156.65,139.53770446777344,123.22821807861328,149.4500732421875
6DyKMxQrUO8OJstSulWISLqB6oXt3KWHnwMacXGfiDc,female,156.75,136.1505126953125,122.78450775146484,145.2313232421875
rp_bxD01AdOZy0FS06mBgDSM5Dl6OnRh8IhfyUTeY04,female,159.2,129.96762084960938,128.8585205078125,142.76507568359375
59bc275e681516389ccf4248,female,174.5,132.42591857910156,121.037353515625,137.99728393554688
59bc275e681516389ccf422d,female,157.15,126.50959014892578,114.71343994140624,147.04783630371094
_x-J8YMlFxdNhTxS7CgWEVrwalRrh9fpCt0D-_22pq4,female,170.0,121.1955337524414,120.12726593017578,142.25656127929688
8JjFTu3rC8kbvRBnU-bPDeDSrLxKghNWrntdXKv5FCw,male,182.15,134.47512817382812,144.99285888671875,128.04006958007812
GldAW2Eejab3EXj8xHMXbKx3jWxkUD6SqNszUe1Kkvk,female,167.5,137.70811462402344,122.78670501708984,138.43751525878906
jco-xL-ojiou3JkQazEJeWXXRpdKr6vTUzyqMsHdXVc,female,162.55,135.88290405273438,122.05892944335938,136.21624755859375
UueDSYaaKwwE0UEq27l9nzA6p5xEn76jwy0yla549PI,male,173.05,130.23146057128906,133.4457550048828,122.50365447998048
JIDeRFzpDbcfojQQ6lmOZQMRkTWTOk7Pat0FtOpYyB4,female,178.1,135.68685913085938,117.19266510009766,130.32763671875
59bc275c681516389ccf4171,female,158.75,131.00892639160156,119.48908996582033,129.25184631347656
R6lI4XrZv80ND_JSygPq0gmxy-AJ3FqmuLPssZXEWrA,male,178.5,130.44778442382812,131.125,127.89463806152344
VHLIPbcRe5x3iwaZVF-ekZ9xkVnaQE37epSez8LaHpI,male,178.0,129.12060546875,125.49298858642578,124.64633178710938
BzT7pQ7_8gIZuqadGE7M2TJT_LmR--lXZRnZ6QKQl0k,female,170.5,136.21945190429688,120.63963317871094,127.31317901611328
otv0DP1zrEXrxW55YauWB0pfe7NayeXsvMyzJFUmwfw,male,188.5,124.5882339477539,122.0321807861328,131.0518035888672
qS2_LwZ498JjhCo8GH05WxJwGZ0obuoTjp3ZbGZEKWo,female,160.0,130.146728515625,128.58609008789062,129.13595581054688
x54NmPF4cjmqTnA9SQHIL7zgFvkWMNIZw9MebTrPTn0,male,188.5,138.67886352539062,132.27099609375,129.2827606201172
Z-g2MFyi63K-yqzGH-3_zgDuR0ceW84OSOoGZWbYSD4,male,182.5,132.4700164794922,128.47161865234375,129.16146850585938
CvOfSHnVlyG0_I8VeK9Rs5VsGk0HaOAHI1evhHuIvTc,female,164.3,120.9639129638672,124.75477600097656,124.99411010742188
G0ilgccW_OJkq0lraQtSuT_anU-idRoxUedr96glmYI,female,170.8,126.13591766357422,118.67533111572266,135.0896453857422
Xiq7H0tR2jKOsenxgZ_sTgGAzQ67--ylXN1BuU5WMdM,male,175.8,124.14170837402344,122.53604125976562,124.26470184326172
59bc2765681516389ccf4551,female,161.4,129.2558135986328,126.4811782836914,122.9077606201172
CBrJEu7fU9HXJOmfRDmx9NjLqMjHBnhyyXhyR6aDYNY,female,158.3,120.60211181640624,112.6649932861328,132.1691436767578
gq5TL3FqUYvo3zmUkYEPcq1MDM1zyKyP6AvpkDkN5-c,male,182.75,127.95391845703124,125.68544006347656,126.83781433105467
59bc275c681516389ccf4180,female,160.3,133.68997192382812,112.6383285522461,129.2054901123047
qMSCpa4ImZX2Xq_Lxv5Dk_6kC9ky4gHUuXH-B2vJ0nw,male,177.3,132.77195739746094,116.44525146484376,118.0683135986328
r67a1MX5mFytfJ6cLSrl30wQyc19CYcYWr5wuoz8GV4,male,172.5,129.1327667236328,120.6357879638672,114.06529998779295
zqMxSbvyEBwZg0jFcfMR1B9fAq86pFKwQuOQ_Kjz_Lo,female,156.0,122.89946746826172,115.62171173095705,126.03997802734376
ywu7NoRMwxOcXB9tQxzQzTgwNkxYgGDaNan_jVqaI6M,male,173.0,131.04429626464844,126.9132843017578,123.1663055419922
L71qKO8OfKBmm1Z7R-XkSlh6-sUkbfN-36XlMGpabXw,female,169.5,128.01510620117188,122.39217376708984,129.484130859375
1zV_8OcOolQ2Lfl_SQut9J1viE38kW9FW8Qz7ztlxIs,male,172.5,136.61700439453125,126.69525146484376,115.7269058227539
SwdoheNdtbyXKHsPtVSV6G-OOC3MuPRGDwlN6zqYhLQ,female,174.5,113.54349517822266,110.93372344970705,121.92859649658205
YuapuxxpDZqKov-vAinXdgH-uPBI6nXC76DZ8gBfVmo,male,174.0,127.8021011352539,125.58451080322266,117.67439270019533
JjQ7uHltz74MPCIommgBqYXJ2RvJWdqbPl24d4Z-KcU,male,175.5,131.62933349609375,124.06409454345705,117.57962036132812
Xn7NtaFEYyZdpRrtXOZi1OYAbNai8SzVNBNh-T6E08M,male,171.5,134.50025939941406,119.42891693115234,116.10774230957033
5a1eefd69f17b800040cc793,male,182.0,121.46965026855467,125.38704681396484,134.35784912109375
Z7FpMcPLaDwI4f9GtEyWYCCWgCHJ6aaN1OFzWMlTa6k,male,178.0,133.47369384765625,128.27011108398438,127.64964294433594
qKH6FInPqriy3flix8U2ftN-0-jcGKl24kiwk9ZTZwM,female,165.5,126.02143096923828,123.0464859008789,122.388427734375
7mgSbfdN81TCQtwOQXhAGRssOOq5Y32vBIJDr_uRE8g,male,173.45,124.6717758178711,114.69806671142578,115.42073059082033
XyC-42yzJtW5_oFycRwQAdJjJnXQZQdSdSqcwyv6NCA,female,172.5,119.77489471435548,108.60206604003906,128.79421997070312
BN5HI-Z_2P6YYrmnCnCxuMkNIK4gXS98XmLvD4GMLwM,female,156.5,119.412841796875,107.1659698486328,118.07770538330078
5a1f033a9f17b800040cc7c4,female,164.8,130.99774169921875,112.7287139892578,118.8826904296875
59bc275d681516389ccf41ed,female,160.7,124.3535385131836,109.20608520507812,123.88067626953124
59bc275a681516389ccf40ff,female,163.75,127.12908172607422,104.11641693115234,110.90097045898438
59bc2764681516389ccf448d,female,156.0,114.21321868896484,114.01244354248048,128.00389099121094
TPVBpaYELi7ENqmqo8NHztlKE0bYPQNK8mflHJTIv_8,female,165.0,118.46411895751952,109.60432434082033,123.0178680419922
SkFvQRL3yL17aFJkb6GvdhrubzW4I2nvNAhIZ4JkauE,male,179.0,126.91514587402344,121.3172607421875,113.3364715576172
59bc275b681516389ccf415f,female,166.0,116.50180053710938,105.3504638671875,120.25802612304688
59bc2767681516389ccf4608,male,182.45,120.8363037109375,120.43757629394533,121.95130157470705
a-H1OgNxOqXwXvD_Jg-JNYDUgS-PMNt5pngm9qcmivg,female,164.0,117.15520477294922,112.6631317138672,125.77010345458984
KiK6AcGmaLEwt7mZeZwVpBhirsxCI-QYMA4jBbg-MeE,male,174.55,122.78568267822266,107.7869873046875,121.2347412109375
4SDP5mkpDsFjc0zFTzxpH2XBbhJ4giz1XYhc-weoWaM,male,189.5,122.10173034667967,115.29981994628906,120.17952728271484
GRN_Ut9EV6Lt-t1yWaiH1AswixEAdR1YCoAJ5YW4Uxc,male,166.0,121.5500259399414,116.95169830322266,118.36724090576172
4VrBan71GIh6tSFfkZ5ZxCKB-oPJYc7zg2ZfmxRIXKc,male,184.05,120.85499572753906,120.05601501464844,124.93771362304688
59bc275d681516389ccf420b,female,153.5,122.0279769897461,106.7132797241211,117.2849578857422
aGPoP5addhEekZoCrreB0QhnZHUI2dhvKWwRvgrG38w,female,165.5,124.06292724609376,113.8374252319336,127.43375396728516
Ky_Za0ND8jBPfLFuDU32SxskrabV7a4v3m1vEZipuJE,female,159.7,116.04882049560548,104.52413940429688,125.52180480957033
jBEj27AHI5lyQmg5G-Ecna-VHLx6BnjoQJihBJIcpes,male,162.3,124.43502044677734,125.0621566772461,122.73294067382812
59bc2758681516389ccf4064,female,182.2,118.88298034667967,109.01707458496094,124.65128326416016
QjnGzy-1LuyPq1STjAITAM5lIyPavydwCFsdj0JzYRA,female,155.0,123.04918670654295,111.5490951538086,109.90245819091795
d8IIxfYkAh0K6SNriZdI0YWz_6NhefE3nzvLfIMQqaQ,female,159.6,117.13372802734376,107.78540802001952,118.24240112304688
JQmPkyFc0qT8MKjYXgb_CIdyM9RqtEbhHzmhbv1npY8,male,181.0,120.69695281982422,122.7905044555664,116.37185668945312
qUc9UKQvP2c1JVM4aDHOEkXlKASHf1cXEEvpw-jAlxY,male,176.1,126.32742309570312,122.28907012939452,122.23983764648438
7sOceDDQu_x9GG3g_KIVn2YCJrZtZBVQmpZW3qSajEg,female,152.1,114.69085693359376,102.32384490966795,120.58684539794922
0wqJ7taytlPRIH9JbcedVeXCM-qNjXS0lJNhCa6uAG8,male,181.75,122.55809020996094,114.9693374633789,116.69393157958984
vkHvQ67UHL3a7kq-fUCZkcjhWNCgRWnBFf36aZiyJ7o,male,180.5,124.71654510498048,123.3505859375,122.87586975097656
S15tQ15Us0X6SmjBk8n1rSFhgtMbZ3kSb8R-ABuo0ww,female,175.0,114.61940002441406,98.39907836914062,117.18708038330078
EYh8j-7OgsvlyQvbcEHHJU7sY9yXQkn3W9PUZJPQ1nE,male,169.5,123.31219482421876,119.11222076416016,117.681884765625
1TYQwmLcrqpxUdvWkRYWQi3SsbCB9gNLSkZPuGCLzRA,male,180.2,120.86772918701172,120.7682647705078,119.09381103515624
WNQyyeojkUOV5tQv_Ll1rcY4DmbtclEFk1uJgbZ1h50,male,168.0,120.00858306884766,113.2768783569336,117.44795989990234
59bc2766681516389ccf4567,female,163.5,114.40460205078124,105.3519058227539,124.82080078125
